POST,DATA,LINK POSTAGEM,EXTRAÍDOS,N° COMENTÁRIOS,LIKES,LINK COMENTÁRIOS,CONFIANCA,FELICIDADE,EXPECTATIVA,SURPRESA,MEDO,TRISTEZA,RAIVA,REPULSA,POSITIVO,NEGATIVO,FAMILIA,CATEGORIA,PARCERIA,OBSERVACAO,TIPO,Location Lat,Location Long,Caption
1,2023-09-24,https://www.instagram.com/reel/CxlYcM6LQsb/?utm_source=ig_web_copy_link&igsh=MzRlODBiNWFlZA== ,185,216,1511,,"35,8","17,5","14,1","7,9","8,6","7,2","6,2","2,7","75,3","24,7",-,Autenticidade,@adnecuadorok,"Autoridade, programa de acompanhamento no colégio",Vídeo institucinal,-254.346,-492.699,Leganda 1
2,2023-09-24,https://www.instagram.com/reel/Cxlq6dIgBmB/?utm_source=ig_web_copy_link&igsh=MzRlODBiNWFlZA== ,205,211,354,,"36,2","17,4","11,9","4,1","5,9","3,4",11,"10,1","69,6","30,4",-,Humanização,@laviniavalbonesi_,Busca gerar identificação com as mulheres (esta entre as eleitoras),Vídeo,-58.791.537,-3.520.443.115,Leganda 2
3,2023-09-24,https://www.instagram.com/reel/Cxl55fRMCeb/?utm_source=ig_web_copy_link&igsh=MzRlODBiNWFlZA== ,669,736,544,,"33,9","16,4","14,3","6,9","8,9","9,6","6,8","3,2","71,5","28,5",-,Humanização,@adnecuadorok,Playlist na praia*,Vídeo,-2.291.219.166,-4.318.035.671,Leganda 3
4,2023-09-25,https://www.instagram.com/reel/CxnlNw_rj1o/?utm_source=ig_web_copy_link&igsh=MzRlODBiNWFlZA== ,497,564,269,,"35,4","16,8","17,2",6,"9,5","7,1","4,8","3,1","75,4","24,5",-,Autoridade,@adnecuadorok,Habitacional,Vídeo institucinal,-2.292.352,-4.318.058,Leganda 4
5,2023-09-25,https://www.instagram.com/reel/Cxn2c7eg80w/?utm_source=ig_web_copy_link&igsh=MzRlODBiNWFlZA== ,86,90,578,,42,"14,8","12,8","4,9","8,9","1,3","8,5","6,9","74,5","25,6",-,Humanização,@laviniavalbonesi_,Busca gerar identificação com as mulheres (esta entre eleitoras),Vídeo,-2.294.256.295,-4.300.444.455,Leganda 5
6,2023-09-26,https://www.instagram.com/reel/CxqfrW-Le37/?utm_source=ig_web_copy_link&igsh=MzRlODBiNWFlZA== ,51,68,190,,"33,3","13,1","18,2","6,1","13,1","8,1","6,1",2,"70,7","29,3",-,Autoridade,@adnecuadorok,Centros de carreira,vídeo institucional,-2.285.127.278,-4.308.788.047,Leganda 6
7,2023-09-26,https://www.instagram.com/p/Cxqo-0qRh6n/?utm_source=ig_web_copy_link&igsh=MzRlODBiNWFlZA== ,160,196,2701,,"29,7","14,1",16,"7,3","10,8","11,3","6,1","4,9","67,1","33,1",-,Autenticidade,@adnecuadorok,Encontro com jovens,Fotos,-228.897,-43.119,Leganda 7
8,2023-09-26,https://www.instagram.com/reel/CxrHIVkAyM4/?utm_source=ig_web_copy_link&igsh=MzRlODBiNWFlZA== ,80,104,1253,,"38,8","16,3","15,5",7,"8,9","1,9","6,2","5,4","77,6","22,4",HIST,Humanização,@laviniavalbonesi_,Reforça a autenticidade e traz a história do candidato,vídeo,-2.288.571.577,-4.306.467.764,Leganda 8
9,2023-09-26,https://www.instagram.com/reel/CxrSBXMsvzR/?utm_source=ig_web_copy_link&igsh=MzRlODBiNWFlZA== ,156,181,335,,"40,6","17,1","15,5","7,4","4,8","6,5","4,8","3,2","80,6","19,3",-,Autoridade,@adnecuadorok,Incentivo a construção,vídeo institucional,-228.897,-43.119,Leganda 9
10,2023-09-27,https://www.instagram.com/reel/CxtFN4-A_2E/?utm_source=ig_web_copy_link&igsh=MzRlODBiNWFlZA== ,239,253,1862,,"29,2","17,9","11,9","5,7",9,"7,6","9,5","9,2","64,7","35,3",-,Humanização,@laviniavalbonesi_,Busca gerar identificação com as mulheres mães (esta entre elas),Vídeo,-22.908,-431.975,Leganda 10
11,2023-09-27,https://www.instagram.com/reel/CxtjIRdrPOt/?utm_source=ig_web_copy_link&igsh=MzRlODBiNWFlZA== ,881,946,215,,29,13,"14,5","6,5","12,2","11,6","8,4","4,8",63,37,-,Autoridade,@adnecuadorok,Segurança,vídeo instucional,-228.897,-43.119,Leganda 11
12,2023-09-28,https://www.instagram.com/p/CxvFnLgLRpT/?utm_source=ig_web_copy_link&igsh=MzRlODBiNWFlZA== ,116,156,3824,,"36,7","12,8","14,1","6,4","9,8","8,9","5,5","5,8",70,30,-,Autenticidade,@adnecuadorok,Reconhecimento dos eleitores,Fotos,-228.897,-43.119,Leganda 12
13,2023-09-28,https://www.instagram.com/p/CxvuwrZxF2F/?utm_source=ig_web_copy_link&igsh=MzRlODBiNWFlZA== ,799,879,11173,,"40,1","18,5","14,3",6,"8,2","6,4","3,6","2,9","78,9","21,1",-,Autenticidade,@adnecuadorok,Pessoaliza com o uso das crianças e elementos típicos,Fotos,-228.897,-43.119,Leganda 13
14,2023-09-28,https://www.instagram.com/reel/CxvwAB4g2Bd/?utm_source=ig_web_copy_link&igsh=MzRlODBiNWFlZA== ,144,152,2512,,"43,9","10,9","10,6","3,9","8,2","4,5","9,4","8,5","69,3","30,6",-,Humanização,@laviniavalbonesi_,"Lavinia está ao lado dos mais pobres, pela saúde",Vídeo,-228.897,-43.119,Leganda 14
15,2023-09-28,https://www.instagram.com/p/CxwGRyZLJax/?utm_source=ig_web_copy_link&igsh=MzRlODBiNWFlZA== ,110,135,181,,"41,8","9,7","10,1","5,1","11,8","9,3","8,9","3,4","66,7","33,4",-,Autenticidade,@adnecuadorok,Noboa responde questões dos eleitores,Fotos,-228.897,-43.119,Leganda 15
16,2023-09-28,https://www.instagram.com/reel/CxwQ-TNA5Lp/?utm_source=ig_web_copy_link&igsh=MzRlODBiNWFlZA== ,119,192,253,,"38,5","17,6",14,"6,1","5,4","3,7","7,6","7,1","76,2","23,8",-,Humanização,@laviniavalbonesi_,Autenticidade,vídeo,-228.897,-43.119,Leganda 16
17,2023-09-28,https://www.instagram.com/reel/CxwcmRJsG1y/?utm_source=ig_web_copy_link&igsh=MzRlODBiNWFlZA== ,676,699,946,,"48,3","15,8","10,8","3,7","9,3",6,"2,7","3,3","78,6","21,3",-,Humanização,-,Crianças e elementos típicos,Vídeo,-228.897,-43.119,Leganda 17
18,2023-09-29,https://www.instagram.com/p/CxygDAZx4cp/?utm_source=ig_web_copy_link&igsh=MzRlODBiNWFlZA== ,266,306,156,,"39,1","14,7","15,8","6,3","10,6","4,7","5,6","3,2","75,9","24,1",-,Humanização,@adnecuadorok,"Está com o moletom da universidade, alguém como eu*",Fotos,-2.291.067.119,-4.317.599.101,Leganda 18
19,2023-09-30,https://www.instagram.com/p/Cx0_gmMRFLn/?utm_source=ig_web_copy_link&igsh=MzRlODBiNWFlZA== ,329,401,879,,"38,1","12,7","12,9","7,5","11,2","6,9","6,9","3,7","71,2","28,7",-,Humanização,@adnecuadorok,Faz parte dos jovens que estão prontos para construir um novo equador,Fotos,-2.290.893.022,-4.307.078.482,Leganda 19
20,2023-10-01,https://www.instagram.com/reel/Cx24lwYgmCF/?utm_source=ig_web_copy_link&igsh=MzRlODBiNWFlZA== ,99,105,152,,"37,6","15,8","12,9","3,9",9,"4,3","7,9","8,6","70,2","29,8",-,Humanização,@laviniavalbonesi_,"Junto aos eleitores, entendendo as demandas",Vídeo,-23.55,-466.333,Leganda 20
21,2023-10-01,https://www.instagram.com/reel/Cx3AnrWLyqm/?utm_source=ig_web_copy_link&igsh=MzRlODBiNWFlZA== ,503,557,135,,"46,7","15,3","13,7","5,5","7,5","4,7","3,9","2,6","81,2","18,7",-,Humanização,@adnecuadorok,Distribuição de camisas adn (identidade social - cultura promocional),Vídeo,-235.630.283,-466.167.377,Leganda 21
22,2023-10-01,https://www.instagram.com/p/Cx3IkTJg-br/?utm_source=ig_web_copy_link&igsh=MzRlODBiNWFlZA== ,1221,1239,192,,33,"20,5","19,1","4,6","14,6","3,4","2,7",2,"77,2","22,7",-,Humanização,@laviniavalbonesi_,Na igreja com a esposa Política de estilo de vida (Mancini 2011)* (Cecobell et al 22),Fotos,-23.55,-466.333,Leganda 22
23,2023-10-01,https://www.instagram.com/p/Cx3zsUaLjXA/?utm_source=ig_web_copy_link&igsh=MzRlODBiNWFlZA== ,106,130,699,,"55,7","7,6","9,2","5,3","9,2","3,8","5,3","3,8","77,8","22,1",-,Autenticidade,@adnecuadorok,"Caranava, eleitores apoiando o candidato",Fotos,-228.897,-43.119,Leganda 23
24,2023-10-01,https://www.instagram.com/p/Cx37f3UgjWJ/?utm_source=ig_web_copy_link&igsh=MzRlODBiNWFlZA== ,1422,1445,306,,"39,1","17,3","15,9","6,3","9,9","3,6","5,1","2,8","78,6","21,4",-,Humanização,@laviniavalbonesi_,"Está ao lado da sua esposa, busca reforçar a autenticidade",Foto,-2.290.533.439,-4.312.829.203,Leganda 24
25,2023-10-01,https://www.instagram.com/p/Cx3-dbmsQ0T/?utm_source=ig_web_copy_link&igsh=MzRlODBiNWFlZA== ,439,470,401,,"45,6","11,4","11,6","4,6","9,6","8,4","5,2","3,7","73,2","26,9",-,Autenticidade,@adnecuadorok,Pronto para o debate eleitoral,Fotos,-228.897,-43.119,Leganda 25
26,2023-10-01,https://www.instagram.com/reel/Cx4F168MUmt/?utm_source=ig_web_copy_link&igsh=MzRlODBiNWFlZA== ,1410,1537,105,,"40,9","9,6","10,9","5,4",10,"10,8","8,1","4,3","66,8","33,2",-,Autoridade,@adnecuadorok,Geração de emprego,Vídeo/Debate,-229.189,-428.189,Leganda 26
27,2023-10-01,https://www.instagram.com/reel/Cx4JvnIsMwy/?utm_source=ig_web_copy_link&igsh=MzRlODBiNWFlZA== ,619,679,557,,"36,6","10,1","10,5","5,4","12,2","10,3","9,4","5,4","62,6","37,3",-,Autoridade,@adnecuadorok,Políticas públicas de segurança,Vídeo/Debate,-2.290.533.439,-4.312.829.203,Leganda 27
28,2023-10-01,https://www.instagram.com/reel/Cx4KzADMO7Y/?utm_source=ig_web_copy_link&igsh=MzRlODBiNWFlZA== ,419,487,1239,,"41,1","11,2","9,6","4,7","10,3","11,4","7,8","3,8","66,6","33,3",-,Autoridade,@adnecuadorok,Políticas públicas de segurança,Vídeo/Debate,-22.908,-431.975,Leganda 28
29,2023-10-01,https://www.instagram.com/reel/Cx4MCFdMrzk/?utm_source=ig_web_copy_link&igsh=MzRlODBiNWFlZA== ,239,292,130,,37,11,"12,4","5,1","10,8","11,3",8,"4,4","65,5","34,5",-,Autoridade,@adnecuadorok,Políticas públicas de saúde e bem estar,Vídeo/Debate,-228.897,-43.119,Leganda 29
30,2023-10-01,https://www.instagram.com/reel/Cx4NLnQs-Hi/?utm_source=ig_web_copy_link&igsh=MzRlODBiNWFlZA== ,881,1022,1445,,"38,5","11,5",11,"6,6","8,3","10,9",9,"4,2","67,6","32,4",-,Autoridade,@adnecuadorok,Políticas públicas de combate a corrupção,Vídeo/Debate,-2.292.500.791,-4.323.657.056,Leganda 30
31,2023-10-01,https://www.instagram.com/reel/Cx4PrQ7sx1H/?utm_source=ig_web_copy_link&igsh=MzRlODBiNWFlZA== ,423,496,470,,"38,4",11,"10,3","4,3","11,2","9,4","10,5","4,9",64,36,-,Autoridade,@adnecuadorok,Políticas públicas de geração de emprego qualificado,Vídeo/Debate,-284.713.895,-490.115.473,Leganda 31
32,2023-10-01,https://www.instagram.com/reel/Cx4QvzYM_iq/?utm_source=ig_web_copy_link&igsh=MzRlODBiNWFlZA== ,253,305,557,,"38,1","11,1","11,7","6,3","11,1","7,4","9,2","5,2","67,2","32,9",-,Autoridade,-,Políticas públicas urgentes,Vídeo/Debate,-228.897,-43.119,Leganda 32
33,2023-10-01,https://www.instagram.com/reel/Cx4SJ4bs4-N/?utm_source=ig_web_copy_link&igsh=MzRlODBiNWFlZA== ,1801,1963,1239,,"37,7","13,4","13,2","6,9",9,"9,2","7,2","3,3","71,2","28,7",-,Autenticidade,@adnecuadorok,"""No debate o futuro ganhou o passado""",Vídeo/Debate,-2.292.500.791,-4.323.657.056,Leganda 33
34,2023-10-02,https://www.instagram.com/p/Cx5vqrCAwyB/?utm_source=ig_web_copy_link&igsh=MzRlODBiNWFlZA== ,690,747,130,,39,"13,6","12,7","6,3","9,8","6,8","7,5","4,2","71,6","28,3",-,Autenticidade,@laviniavalbonesi_,"O melhor triunfou, transmite confiança",Foto,-1.580.201.054,-4.786.189.914,Leganda 34
35,2023-10-02,https://www.instagram.com/p/Cx6LE4RRmR8/?utm_source=ig_web_copy_link&igsh=MzRlODBiNWFlZA== ,205,253,1445,,"40,2","12,6","13,7","6,5",8,8,"7,4","3,6",73,27,-,Autenticidade,@adnecuadorok,Apoio dos eleitores (o novo esta próximo),Fotos,-228.897,-43.119,Leganda 35
36,2023-10-02,https://www.instagram.com/reel/Cx6TwgIxtnS/?utm_source=ig_web_copy_link&igsh=MzRlODBiNWFlZA== ,89,159,470,,"42,5","13,7","8,9","2,7","11,6","8,2","8,2","4,1","67,8","32,1",-,Autoridade,@adnecuadorok,São feitas promessas de forma humanizada e autentica,Vídeo institucinal,-228.897,-43.119,Leganda 36
37,2023-10-02,https://www.instagram.com/p/Cx6i3OFMVB5/?utm_source=ig_web_copy_link&igsh=MzRlODBiNWFlZA== ,244,291,1537,,"47,9","15,5","12,5","6,5","6,3","5,5","4,4","1,4","82,4","17,6",-,Autenticidade,@adnecuadorok,"Fazemos isso pelas crianças, humanizar para ganhar confiança",Fotos,-2.290.669,-4.312.686,Leganda 37
38,2023-10-02,https://www.instagram.com/reel/Cx6vahhNPOB/?utm_source=ig_web_copy_link&igsh=MzRlODBiNWFlZA== ,222,278,679,,"42,9","11,9","12,5","5,9","7,8","5,1","8,6","5,3","73,2","26,8",-,Autenticidade,@laviniavalbonesi_,Esta confiante de que seu marido vencerá por ser mais preparado,Vídeo,-228.897,-43.119,Leganda 38
39,2023-10-03,https://www.instagram.com/reel/Cx8oB9axATC/?utm_source=ig_web_copy_link&igsh=MzRlODBiNWFlZA== ,259,321,487,,47,"8,1","9,2","4,4","9,9","9,6","7,4","4,4","68,7","31,3",-,Autenticidade,@adnecuadorok,É um projeto do futuro e não do passado,Vídeo institucinal,-229.189,-428.189,Leganda 39
40,2023-10-03,https://www.instagram.com/p/Cx899yhr4NQ/?utm_source=ig_web_copy_link&igsh=MzRlODBiNWFlZA== ,107,157,292,,"69,2","5,9","4,1","1,8","7,1","5,3",3,"3,6",81,19,-,Autenticidade,@adnecuadorok,Eleitores apoiam o candidato,Fotos,-228.897,-43.119,Leganda 40
41,2023-10-04,https://www.instagram.com/reel/Cx_X-BJvtwg/?utm_source=ig_web_copy_link&igsh=MzRlODBiNWFlZA== ,386,399,1022,,"28,9","13,1","11,9","5,1","11,8","9,1","11,6","8,5",59,41,HIST,Humanização,@laviniavalbonesi_,"História para humanizar, assalto",Vídeo,-2.289.835.909,-4.313.062.566,Leganda 41
42,2023-10-04,https://www.instagram.com/p/Cx_gmqNLh_H/?utm_source=ig_web_copy_link&igsh=MzRlODBiNWFlZA==,165,188,496,,50,"10,8","10,8","4,2","8,7","5,1","6,3","3,9","75,8",24,-,Autenticidade,@laury_adn e @adnecuadorok,Apoio dos eleitores e político,Fotos,-2.289.835.748,-4.313.062.832,Leganda 42
43,2023-10-04,https://www.instagram.com/reel/Cx_5nYpM2Zq/?utm_source=ig_web_copy_link&igsh=MzRlODBiNWFlZA== ,234,265,305,,"57,7","10,7","9,7","3,8","6,5","6,1",4,"1,4","81,9",18,-,Autoridade,@adnecuadorok,Promessas se mesclam a questões pessoais,vídeo instucional,-2.296.703.333,-4.318.069.722,Leganda 43
44,2023-10-05,https://www.instagram.com/p/CyBvFdaRRCx/?utm_source=ig_web_copy_link&igsh=MzRlODBiNWFlZA== ,157,190,1963,,"51,6","13,7","10,8","4,7","9,9","3,5","3,8",2,"80,8","19,2",-,Autenticidade,@adnecuadorok,Agradecimento ao apoio em Manabi,Fotos,-2.290.643.883,-4.318.843.323,Leganda 44
45,2023-10-05,https://www.instagram.com/reel/CyCEXlOr1vj/?utm_source=ig_web_copy_link&igsh=MzRlODBiNWFlZA== ,1757,1871,747,,"46,4",14,"12,4","6,3",8,"6,1","3,7",3,"79,1","20,8",-,Humanização ,-,Candidato dançando em um programa de TV,Vídeo,-22.908,-431.975,Leganda 45
46,2023-10-05,https://www.instagram.com/reel/CyCnyTWsVzg/?utm_source=ig_web_copy_link&igsh=MzRlODBiNWFlZA== ,589,633,253,,43,"15,3","14,4","5,3",11,"4,2","4,5","2,2",78,"21,9",-,Autenticidade,@adnecuadorok,Eleitores confiantes no candidato,vídeo,-228.897,-43.119,Leganda 46
47,2023-10-06,https://www.instagram.com/p/CyCq7vYMCbk/?utm_source=ig_web_copy_link&igsh=MzRlODBiNWFlZA== ,424,490,216,,"38,6","15,1","14,6","6,8",9,"8,5","4,9","2,5","75,1","24,9",-,Autoridade,@adnecuadorok,Comunicado aos educadores,Imagem,-2.293.471.829,-43.100.338,Leganda 47
48,2023-10-06,https://www.instagram.com/p/CyEIVUKLk7F/?utm_source=ig_web_copy_link&igsh=MzRlODBiNWFlZA== ,536,611,211,,"41,1",15,"13,5","7,9","9,4",5,6,"2,1","77,5","22,5",-,Humanização,@adnecuadorok,Candidato entre os jovens,Fotos,-228.897,-43.119,Leganda 48
49,2023-10-06,https://www.instagram.com/reel/CyEcVtzRTfd/?utm_source=ig_web_copy_link&igsh=MzRlODBiNWFlZA== ,169,246,736,,"49,3","14,5","11,8","4,7","9,1","3,9","4,2","2,5","80,3","19,7",-,Autoridade,@adnecuadorok,Equador precisa ser atrativo para investimento internacional,Vídeo institucional,-228.897,-43.119,Leganda 49
50,2023-10-06,https://www.instagram.com/reel/CyEnbhaxOYY/?utm_source=ig_web_copy_link&igsh=MzRlODBiNWFlZA== ,648,726,564,,"40,1","17,2","14,4","6,9","8,7","5,1","5,4","2,1","78,6","21,3",-,Autenticidade,@adnecuadorok,"Linguagem de trend, humaniza",Vídeo,-2.290.310.831,-4.317.126.952,Leganda 50
51,2023-10-06,https://www.instagram.com/reel/CyEztw9r3DU/?utm_source=ig_web_copy_link&igsh=MzRlODBiNWFlZA== ,231,299,90,,"41,3","10,8","12,5","6,1",10,9,"6,8","3,4","70,7","29,2",-,Autoridade,@adnecuadorok,"Linguagem de trend, humaniza (autenticidade)",Vídeo,-254.346,-492.699,Leganda 51
52,2023-10-06,https://www.instagram.com/reel/CyE4voSMcmB/?utm_source=ig_web_copy_link&igsh=MzRlODBiNWFlZA== ,332,377,68,,"36,4","15,2","12,9","5,7","12,5","8,2","6,2","2,9","70,2","29,8",-,Autoridade,@adnecuadorok,Políticas publicas de segurança,Vídeo institucional,-58.791.537,-3.520.443.115,Leganda 52
53,2023-10-07,https://www.instagram.com/p/CyFPrB6M_L2/?utm_source=ig_web_copy_link&igsh=MzRlODBiNWFlZA== ,311,357,196,,"36,9","10,4","11,7","5,5","14,5","8,5","7,4","5,1","64,5","35,5",-,Autoridade,@adnecuadorok,Comunicado para se fazer cumprir a lei contra os assassinos de Villavicencio,Imagem,-2.291.219.166,-4.318.035.671,Leganda 53
54,2023-10-07,https://www.instagram.com/p/CyGdNj3L6gk/?utm_source=ig_web_copy_link&igsh=MzRlODBiNWFlZA== ,204,250,3123,,"49,3",15,"10,3","4,7","8,7","4,5","5,1","2,4","79,3","20,7",-,Humanização,@adnecuadorok,Entre jovens universitários (identificação),Foto,-2.292.352,-4.318.058,Leganda 54
55,2023-10-07,https://www.instagram.com/reel/CyHCygrxZbR/?utm_source=ig_web_copy_link&igsh=MzRlODBiNWFlZA== ,249,280,201,,47,"14,8","13,2","4,3","12,3","4,1","3,2","1,1","79,3","20,7",-,Autenticidade,@adnecuadorok,Agradecimentos aos eleitores,Vídeo,-2.294.256.295,-4.300.444.455,Leganda 55
56,2023-10-07,https://www.instagram.com/p/CyHj6BOMtXf/?utm_source=ig_web_copy_link&igsh=MzRlODBiNWFlZA== ,661,707,328,,24,"13,6","14,2","3,4","17,6",10,"10,4","6,9","55,2","44,9",-,Autenticidade,-,Comunicado contra ataques em Gaza,Imagem,-2.285.127.278,-4.308.788.047,Leganda 56
57,2023-10-07,https://www.instagram.com/reel/CyHu7ArsAa2/?utm_source=ig_web_copy_link&igsh=MzRlODBiNWFlZA== ,188,244,217,,"40,7","12,7","10,5",5,"10,8","10,5","6,7","3,1","68,9","31,1",-,Autenticidade,@adnecuadorok,Reforça suas capacidades,Vídeo,-228.897,-43.119,Leganda 57
58,2023-10-08,https://www.instagram.com/reel/CyJIch4L7ca/?utm_source=ig_web_copy_link&igsh=MzRlODBiNWFlZA== ,2940,3123,1703,,"35,2","18,1","12,6",8,"7,2","8,6","6,4","4,1","73,9","26,3",-,Humanização,@laviniavalbonesi_,"Piada com sua esposa, que aponta aincapacidade das gestões passadas",Vídeo/Meme,-2.288.571.577,-4.306.467.764,Leganda 58
59,2023-10-08,https://www.instagram.com/p/CyJ5GvErgM2/?utm_source=ig_web_copy_link&igsh=MzRlODBiNWFlZA== ,165,201,302,,"50,3","10,6","10,9","3,5","9,8","5,3","5,6",4,"75,3","24,7",-,Autenticidade,@adnecuadorok,Novas oportunidades para o Equador,Fotos,-228.897,-43.119,Leganda 59
60,2023-10-09,https://www.instagram.com/p/CyLz5U4LEMf/?utm_source=ig_web_copy_link&igsh=MzRlODBiNWFlZA== ,285,328,1442,,"43,3","14,8","14,2","7,3","8,5","3,9","4,7","3,1","79,6","20,2",-,Autenticidade,@adnecuadorok,"Autoridade, geração de emprego",Fotos,-22.908,-431.975,Leganda 60
61,2023-10-09,https://www.instagram.com/reel/CyMAK7rRwY9/?utm_source=ig_web_copy_link&igsh=MzRlODBiNWFlZA== ,177,217,414,,"37,7","13,7",13,"5,3","12,3","6,3","6,9","4,6","69,7","30,1",-,Autoridade,@adnecuadorok,Promessas de políticas públicas,Vídeo institucional,-228.897,-43.119,Leganda 61
62,2023-10-09,https://www.instagram.com/reel/CyMJBhNxm7T/?utm_source=ig_web_copy_link&igsh=MzRlODBiNWFlZA== ,1605,1703,633,,"35,7","14,2","13,7","7,6","10,6","7,8","6,2","4,2","71,2","28,8",-,Humanização,@adnecuadorok,"Boneco do Noboa politica em cultura promocional (Aronczyk, 2015) (kavena) identidade social",Vídeo,-228.897,-43.119,Leganda 62
63,2023-10-09,https://www.instagram.com/p/CyMQeQNxO0a/?utm_source=ig_web_copy_link&igsh=MzRlODBiNWFlZA== ,256,302,1452,,"59,9","11,5","10,5","4,2","4,9","3,5","4,2","1,4","86,1",14,-,Autenticidade,-,Candidato em um programa de TV,Fotos,-228.897,-43.119,Leganda 63
64,2023-10-09,https://www.instagram.com/reel/CyMZwYxLv0v/?utm_source=ig_web_copy_link&igsh=MzRlODBiNWFlZA== ,1349,1442,663,,"47,6",14,"10,9","5,6","7,3","6,2","4,4","4,1","78,1",22,-,Humanização,-,Candidato cantando em um programa de TV,Vídeo,-228.897,-43.119,Leganda 64
65,2023-10-10,https://www.instagram.com/p/CyOqHQxRElO/?utm_source=ig_web_copy_link&igsh=MzRlODBiNWFlZA== ,108,127,372,,"53,5","13,5","11,4","5,9","8,6","3,2","3,2","0,5","84,3","15,5",-,Autoridade,@ucasagrande ,"Propostas de educação, como se a pratica fundisse a ideologia (humaniza para expressar confiança, mas tece promessas)",Fotos,-228.897,-43.119,Leganda 65
66,2023-10-10,https://www.instagram.com/reel/CyOw6fDx2-3/?utm_source=ig_web_copy_link&igsh=MzRlODBiNWFlZA== ,175,210,589,,"42,3","14,2","11,4","4,1","10,1",8,"6,2","3,7",72,28,-,Autenticidade,-,Expressa ideia de confiança,Vídeo institucional,-228.897,-43.119,Leganda 66
67,2023-10-10,https://www.instagram.com/reel/CyO_NYdL-HN/?utm_source=ig_web_copy_link&igsh=MzRlODBiNWFlZA== ,1270,1363,309,,"40,6","16,3","13,7","6,7","9,6","5,6","4,5",3,"77,3","22,7",-,Humanização,-,Noba responde sobre o sucesso dos seus bonecos (identificação),Vídeo,-228.897,-43.119,Leganda 67
68,2023-10-10,https://www.instagram.com/reel/CyPW1H1MgAw/?utm_source=ig_web_copy_link&igsh=MzRlODBiNWFlZA== ,329,382,414,,"51,2","12,2","10,6","6,1","8,5","4,1","4,1","3,3","80,1",20,-,Autenticidade,-,Apoio dos eleitores,Vídeo institucional,-2.291.067.119,-4.317.599.101,Leganda 68
69,2023-10-11,https://www.instagram.com/p/CyPkreWMCQp/?utm_source=ig_web_copy_link&igsh=MzRlODBiNWFlZA== ,410,510,633,,"37,5","11,1","11,2","6,8","10,7","8,3","10,2","4,1","66,6","33,3",-,Autenticidade,@chitoveraufc e @vibesft_ec,reconhecimento de celebridades,-,-2.290.893.022,-4.307.078.482,Leganda 69
70,2023-10-11,https://www.instagram.com/p/CyQhemugFJd/?utm_source=ig_web_copy_link&igsh=MzRlODBiNWFlZA== ,318,330,1452,,"38,1","15,7","12,9","4,3","7,6","6,2","8,4","6,8",71,29,-,Humanização,@laviniavalbonesi_,Gerar identificação com as mulheres manabitas,-,-23.55,-466.333,Leganda 70
71,2023-10-11,https://www.instagram.com/reel/CyQ4VvlLSMf/?utm_source=ig_web_copy_link&igsh=MzRlODBiNWFlZA== ,466,516,234,,"37,3","19,7","14,5","7,5","9,5",6,3,"2,5",79,21,HIST,Humanização,@daiyana_99,História expressa identificação,Vídeo,-235.630.283,-466.167.377,Leganda 71
72,2023-10-11,https://www.instagram.com/reel/CyRMNwBRJ3j/?utm_source=ig_web_copy_link&igsh=MzRlODBiNWFlZA== ,1113,1201,123,,"40,7","16,7","14,2","5,3","10,6","5,3","4,6","2,7","76,9","23,2",Alvaro,Autenticidade,@adnecuadorok (Luis Noboa Naranjo y Álvaro Noboa),História expressa confiança,Vídeo,-23.55,-466.333,Leganda 72
73,2023-10-11,https://www.instagram.com/reel/CyR2iagMfcc/?utm_source=ig_web_copy_link&igsh=MzRlODBiNWFlZA== ,3031,3125,269,,"30,1","16,3","17,3",8,"7,8","10,7",5,"4,8","71,7","28,3",-,Humanização,-,"Linguagem de trend, humaniza (cultura promocional e Idenidade social, sobre ter ou não ter o boneco do noboa)",Vídeo,-228.897,-43.119,Leganda 73
74,2023-10-12,https://www.instagram.com/reel/CySJ8TmMEcP/?utm_source=ig_web_copy_link&igsh=MzRlODBiNWFlZA== ,382,414,578,,"41,9","10,3","9,7","6,7","11,6","6,3","10,1","3,4","68,6","31,4",-,Autenticidade,@chitoveraufc e @loganmois,Conversa no carro com lutador e influencer (humanizado),Vídeo,-2.290.533.439,-4.312.829.203,Leganda 74
75,2023-10-12,https://www.instagram.com/p/CyTRWosLoVQ/?utm_source=ig_web_copy_link&igsh=MzRlODBiNWFlZA== ,555,633,190,,"38,5",14,"12,6","6,8","10,7","6,6","6,9","3,8","71,9",28,-,Autenticidade,@valencentenoa,Apoio dos eleitores e político,Fotos,-228.897,-43.119,Leganda 75
76,2023-10-12,https://www.instagram.com/reel/CyUDHNcxem3/?utm_source=ig_web_copy_link&igsh=MzRlODBiNWFlZA== ,1391,1452,2701,,"44,1","14,4","14,7","5,9",9,"5,2","4,7",2,"79,1","20,9",-,Humanização,-,Pessoaliza e aproxima o discurso do eleitor (identificação),Vídeo,-229.189,-428.189,Leganda 76
77,2023-10-12,https://www.instagram.com/reel/CyUW0fLsUew/?utm_source=ig_web_copy_link&igsh=MzRlODBiNWFlZA== ,620,663,1253,,"42,7","15,8","14,4","6,9","8,6","5,6","3,8","2,3","79,8","20,3",-,Humanização,@adnecuadorok,"Boneco do Noboa politica em cultura promocional (Aronczyk, 2015) (kavena) e identidade social",Vídeo,-2.290.533.439,-4.312.829.203,Leganda 77
78,2023-10-12,https://www.instagram.com/p/CyUdyDisy7w/?utm_source=ig_web_copy_link&igsh=MzRlODBiNWFlZA== ,338,372,335,,"44,7","14,3","12,6","4,7","9,7",5,"5,2","3,7","76,3","23,6",-,Autenticidade,-,Apoio de eleitores,Fotos,-22.908,-431.975,Leganda 78
79,2023-10-12,https://www.instagram.com/p/CyUjSTAsrvR/?utm_source=ig_web_copy_link&igsh=MzRlODBiNWFlZA== ,543,589,1862,,"44,2","13,7","13,3","5,6","10,8","4,2","4,8","3,3","76,8","23,1",-,Humanização,@adnecuadorok,Usando a camisa de seleção equatoriana,Fotos,-228.897,-43.119,Leganda 79
80,2023-10-13,https://www.instagram.com/reel/CyUvN4ss--F/?utm_source=ig_web_copy_link&igsh=MzRlODBiNWFlZA== ,265,309,215,,"44,6","14,6","13,8","5,1","10,2","5,1","4,9","1,7","78,1","21,9",-,Humanização,-,Treinando luta e se preperando para vencer as eleições,Vídeo,-2.292.500.791,-4.323.657.056,Leganda 80
81,2023-10-13,https://www.instagram.com/reel/CyV98shLqtI/?utm_source=ig_web_copy_link&igsh=MzRlODBiNWFlZA== ,1409,1511,3824,,"39,8","15,3","13,6","6,8","9,5","7,1","4,8",3,"75,5","24,4",-,Humanização,-,Conversa sobre sucesso do boneco de Noboa (identificação),Vídeo,-284.713.895,-490.115.473,Leganda 81
82,2023-10-13,https://www.instagram.com/p/CyWMujfr4WN/?utm_source=ig_web_copy_link&igsh=MzRlODBiNWFlZA== ,302,354,11173,,"49,4","12,7","12,9","7,5","9,6","2,5","3,3",2,"82,5","17,4",-,Autenticidade,@adnecuadorok,Apoio dos eleitores,Fotos,-228.897,-43.119,Leganda 82
83,2023-10-13,https://www.instagram.com/reel/CyWWJGDv3i6/?utm_source=ig_web_copy_link&igsh=MzRlODBiNWFlZA== ,486,544,2512,,"49,2","15,5","12,3","5,3","9,3","3,2","3,5","1,7","82,3","17,7",-,Autenticidade,@adnecuadorok,Agradecimento pelo apoio dos eleitores,Vídeo,-2.292.500.791,-4.323.657.056,Leganda 83
84,2023-10-13,https://www.instagram.com/reel/CyWpTRORPQe/?utm_source=ig_web_copy_link&igsh=MzRlODBiNWFlZA== ,237,269,414,,49,"13,3","12,2",8,"5,6","5,6","3,5","2,8","82,5","17,5",-,Autenticidade,@loganmois,"Conversa com influenciador, também humaniza",Vídeo,-1.580.201.054,-4.786.189.914,Leganda 84
85,2023-10-14,https://www.instagram.com/reel/CyYsFY8LOyN/?utm_source=ig_web_copy_link&igsh=MzRlODBiNWFlZA== ,528,578,633,,"37,2","14,4","14,2","6,9","10,2",8,"5,8","3,3","72,7","27,3",-,Humanização ,@adnecuadorok,"Boneco do Noboa politica em cultura promocional (Aronczyk, 2015) (kavena) identidade social",Vídeo,-228.897,-43.119,Leganda 85
86,2023-10-14,https://www.instagram.com/reel/CyZTH6SP9YL/?utm_source=ig_web_copy_link&igsh=MzRlODBiNWFlZA== ,186,190,1452,,"48,9","11,7","11,7","5,7","10,6","4,9","4,3","2,3",78,"22,1",-,Autenticidade,@juventudes_adn_santaelena_ok,Apoio dos eleitores,Vídeo institucional,-228.897,-43.119,Leganda 86
87,2023-10-14,https://www.instagram.com/p/CyZXrbgg4b4/?utm_source=ig_web_copy_link&igsh=MzRlODBiNWFlZA== ,2685,2701,663,,"37,4","18,6","16,8","6,2","10,8","2,7","4,3","3,2",79,21,-,Humanização,@laviniavalbonesi_,Foto com a esposa,Foto,-2.290.669,-4.312.686,Leganda 87
88,2023-10-14,https://www.instagram.com/p/CyZmrjlMGYK/?utm_source=ig_web_copy_link&igsh=MzRlODBiNWFlZA== ,1201,1253,372,,"39,6",17,"16,5","5,8","11,6","3,7","3,5","2,3","78,9","21,1",-,Humanização,-,Foto no barbeiro,Foto,-228.897,-43.119,Leganda 88
89,2023-10-14,https://www.instagram.com/reel/CyZqel8Mn9M/?utm_source=ig_web_copy_link&igsh=MzRlODBiNWFlZA== ,285,335,589,,42,"14,1","14,2","5,5","8,7","6,4","5,5","3,4","75,8",24,-,Humanização ,-,"Boneco do Noboa politica em cultura promocional (Aronczyk, 2015) (kavena) identidade social",Vídeo,-229.189,-428.189,Leganda 89
90,2023-10-15,https://www.instagram.com/p/CybGpxtAGn0/?utm_source=ig_web_copy_link&igsh=MzRlODBiNWFlZA== ,1837,1862,309,,"36,8","15,5","12,2","4,6","6,2","3,5","11,5","9,7","69,1","30,9",-,Autenticidade,@laviniavalbonesi_,Confiança ao votar,Foto,-228.897,-43.119,Leganda 90
91,2023-10-15,https://www.instagram.com/reel/CybMWvJruzT/?utm_source=ig_web_copy_link&igsh=MzRlODBiNWFlZA== ,188,215,1511,,"40,9","16,6",16,"7,1","7,7","5,5","5,5","0,6","80,6","19,3",-,Humanização ,@adnecuadorok,Outfit para ir votar (eleitores),Foto,-2.289.835.909,-4.313.062.566,Leganda 91
92,2023-10-15,https://www.instagram.com/p/CybRj-oL0HM/?utm_source=ig_web_copy_link&igsh=MzRlODBiNWFlZA== ,3691,3824,1452,,"45,1","15,9","14,3","5,1","10,1","3,9","3,6","2,1","80,4","19,7",-,Autenticidade,@adnecuadorok,Fotos votando (confiante),Fotos,-2.289.835.748,-4.313.062.832,Leganda 92
93,2023-10-15,https://www.instagram.com/p/CycOs4lsHOn/?utm_source=ig_web_copy_link&igsh=MzRlODBiNWFlZA== ,10000,11173,663,,"37,5","19,3",17,"5,8","12,3","3,7","2,6","1,9","79,6","20,5",-,Autoridade,@adnecuadorok,"Imagem de agradecimento, cumprir promessas",Imagem,-2.296.703.333,-4.318.069.722,Leganda 93
94,2023-10-15,https://www.instagram.com/p/CycVPIGNmus/?utm_source=ig_web_copy_link&igsh=MzRlODBiNWFlZA== ,2492,2512,372,,"34,1","20,2","16,8","5,8","10,4","3,2","5,2","4,4","76,9","23,2",-,Humanização ,@laviniavalbonesi_,Declaração e fotos com a esposa,Fotos,-2.290.643.883,-4.318.843.323,Leganda 94
95,2023-10-15,https://www.instagram.com/reel/CycYYtrsQh8/?utm_source=ig_web_copy_link&igsh=MzRlODBiNWFlZA== ,2781,2892,589,,"36,7","18,6",17,"6,4","11,2","4,6","3,2","2,3","78,7","21,3",HIST,Autenticidade,@adnecuadorok,"História para expressar confiaça, tudo começou a 25 anos",Vídeo,-22.908,-431.975,Leganda 95
,,TOTAL:,71059,77276,,,"40,6","14,2","12,9","5,8","9,6",6,"5,5","3,3","75,5","24,4",,,,,,,,