POST,2° TURNO,DATA,LINK POSTAGEM,EXTRAÍDOS,N° COMENTÁRIOS,LINK COMENTÁRIOS,CONFIANÇA,FELICIDADE,EXPECTATIVA,SURPRESA,MEDO,TRISTEZA,RAIVA,REPULSA,POSITIVO,NEGATIVO,GRÁFICO,CATEGORIA,PARCERIA,OBSERVAÇÃO,TIPO
1,-,2023-08-08,https://www.instagram.com/p/Cvr6sBVLOvb/?utm_source=ig_web_copy_link&igsh=MzRlODBiNWFlZA==,-,-,-,-,-,-,-,-,-,-,-,-,-,-,-,-,-,-
1,-,2023-08-08,https://www.instagram.com/reel/Cvs44TrLLEI/?igsh=MXJ2YzZzNHBzeHJ4bA%3D%3D ,413,522,-,"24,4","12,6","12,2","6,1",14,"13,8","10,4","6,7","55,3","44,9",HIST,Autenticidade,Correa,história para expressar confiança,vídeo institucional
2,-,2023-08-08,https://www.instagram.com/reel/CvsHBhrJqIQ/?utm_source=ig_web_copy_link&igsh=MzRlODBiNWFlZA== ,-,-,-,-,-,-,-,-,-,-,-,-,-,-,-,-,-,-
2,-,2023-08-08,https://www.instagram.com/p/CvsWtPernV5/?utm_source=ig_web_copy_link&igsh=MzRlODBiNWFlZA== ,-,-,-,-,-,-,-,-,-,-,-,-,-,-,-,-,-,-
4,-,2023-08-08,https://www.instagram.com/p/CvsZpt8Lw9F/?utm_source=ig_web_copy_link&igsh=MzRlODBiNWFlZA== ,-,-,-,-,-,-,-,-,-,-,-,-,-,-,-,-,-,-
5,-,2023-08-08,https://www.instagram.com/p/CvsZ3gQr7KP/?utm_source=ig_web_copy_link&igsh=MzRlODBiNWFlZA== ,-,-,-,-,-,-,-,-,-,-,-,-,-,-,-,-,-,-
6,-,2023-08-08,https://www.instagram.com/reel/Cvs44TrLLEI/?utm_source=ig_web_copy_link&igsh=MzRlODBiNWFlZA== ,-,-,-,-,-,-,-,-,-,-,-,-,-,-,-,-,-,-
7,-,2023-08-08,https://www.instagram.com/reel/CvtJvg2t2Er/?utm_source=ig_web_copy_link&igsh=MzRlODBiNWFlZA== ,-,-,-,-,-,-,-,-,-,-,-,-,-,-,-,-,-,-
8,-,2023-08-09,https://www.instagram.com/p/Cvus2udrt3Z/?utm_source=ig_web_copy_link&igsh=MzRlODBiNWFlZA== ,-,-,-,-,-,-,-,-,-,-,-,-,-,-,-,-,-,-
9,-,2023-08-09,https://www.instagram.com/reel/CvuvcsQJoaL/?utm_source=ig_web_copy_link&igsh=MzRlODBiNWFlZA== ,-,-,-,-,-,-,-,-,-,-,-,-,-,-,-,-,-,-
10,-,2023-08-09,https://www.instagram.com/p/Cvuyq62rZe8/?utm_source=ig_web_copy_link&igsh=MzRlODBiNWFlZA== ,-,-,-,-,-,-,-,-,-,-,-,-,-,-,-,-,-,-
11,-,2023-08-09,https://www.instagram.com/reel/Cvu44yAOUG0/?utm_source=ig_web_copy_link&igsh=MzRlODBiNWFlZA== ,-,-,-,-,-,-,-,-,-,-,-,-,-,-,-,-,-,-
12,-,2023-08-09,https://www.instagram.com/reel/CvvAjVRgeyZ/?utm_source=ig_web_copy_link&igsh=MzRlODBiNWFlZA== ,-,-,-,-,-,-,-,-,-,-,-,-,-,-,-,-,-,-
13,-,2023-08-09,https://www.instagram.com/reel/CvvBQbeuoT0/?utm_source=ig_web_copy_link&igsh=MzRlODBiNWFlZA== ,-,-,-,-,-,-,-,-,-,-,-,-,-,-,-,-,-,-
14,-,2023-08-09,https://www.instagram.com/p/Cvvc8vir231/?utm_source=ig_web_copy_link&igsh=MzRlODBiNWFlZA== ,-,-,-,-,-,-,-,-,-,-,-,-,-,-,-,-,-,-
15,-,2023-08-09,https://www.instagram.com/reel/CvvelhqL2N9/?utm_source=ig_web_copy_link&igsh=MzRlODBiNWFlZA== ,-,-,-,-,-,-,-,-,-,-,-,-,-,-,-,-,-,-
16,-,2023-08-09,https://www.instagram.com/reel/Cvvucw4sjQK/?utm_source=ig_web_copy_link&igsh=MzRlODBiNWFlZA== ,-,-,-,-,-,-,-,-,-,-,-,-,-,-,-,-,-,-
17,-,2023-08-10,https://www.instagram.com/reel/CvxnIFfLRST/?utm_source=ig_web_copy_link&igsh=MzRlODBiNWFlZA== ,-,-,-,-,-,-,-,-,-,-,-,-,-,-,-,-,-,-
18,-,2023-08-10,https://www.instagram.com/p/CvxwrLsP5Y7/?utm_source=ig_web_copy_link&igsh=MzRlODBiNWFlZA== ,-,-,-,-,-,-,-,-,-,-,-,-,-,-,-,-,-,-
19,-,2023-08-10,https://www.instagram.com/reel/Cvx0ReuN1Dj/?utm_source=ig_web_copy_link&igsh=MzRlODBiNWFlZA== ,-,-,-,-,-,-,-,-,-,-,-,-,-,-,-,-,-,-
20,-,2023-08-10,https://www.instagram.com/reel/CvyTwZdLUZg/?utm_source=ig_web_copy_link&igsh=MzRlODBiNWFlZA== ,-,-,-,-,-,-,-,-,-,-,-,-,-,-,-,-,-,-
21,-,2023-08-11,https://www.instagram.com/reel/Cv0i-z9AIJZ/?utm_source=ig_web_copy_link&igsh=MzRlODBiNWFlZA== ,-,-,-,-,-,-,-,-,-,-,-,-,-,-,-,-,-,-
22,-,2023-08-12,https://www.instagram.com/reel/Cv2cO8irA0L/?utm_source=ig_web_copy_link&igsh=MzRlODBiNWFlZA== ,-,-,-,-,-,-,-,-,-,-,-,-,-,-,-,-,-,-
23,-,2023-08-12,https://www.instagram.com/reel/Cv2wpfpO43u/?utm_source=ig_web_copy_link&igsh=MzRlODBiNWFlZA== ,-,-,-,-,-,-,-,-,-,-,-,-,-,-,-,-,-,-
24,-,2023-08-12,https://www.instagram.com/reel/Cv2x3uwNAAh/?utm_source=ig_web_copy_link&igsh=MzRlODBiNWFlZA== ,-,-,-,-,-,-,-,-,-,-,-,-,-,-,-,-,-,-
25,-,2023-08-12,https://www.instagram.com/reel/Cv22SLUs7eB/?utm_source=ig_web_copy_link&igsh=MzRlODBiNWFlZA== ,-,-,-,-,-,-,-,-,-,-,-,-,-,-,-,-,-,-
26,-,2023-08-12,https://www.instagram.com/reel/Cv27sTZL_uv/?utm_source=ig_web_copy_link&igsh=MzRlODBiNWFlZA== ,-,-,-,-,-,-,-,-,-,-,-,-,-,-,-,-,-,-
27,-,2023-08-12,https://www.instagram.com/reel/Cv2-EXirFOv/?utm_source=ig_web_copy_link&igsh=MzRlODBiNWFlZA== ,-,-,-,-,-,-,-,-,-,-,-,-,-,-,-,-,-,-
28,-,2023-08-12,https://www.instagram.com/reel/Cv3JEkOuUlu/?utm_source=ig_web_copy_link&igsh=MzRlODBiNWFlZA== ,-,-,-,-,-,-,-,-,-,-,-,-,-,-,-,-,-,-
29,-,2023-08-13,https://www.instagram.com/reel/Cv5F6QGLFR5/?utm_source=ig_web_copy_link&igsh=MzRlODBiNWFlZA== ,-,-,-,-,-,-,-,-,-,-,-,-,-,-,-,-,-,-
30,-,2023-08-13,https://www.instagram.com/reel/Cv5Kr9xOEOS/?utm_source=ig_web_copy_link&igsh=MzRlODBiNWFlZA== ,-,-,-,-,-,-,-,-,-,-,-,-,-,-,-,-,-,-
31,-,2023-08-13,https://www.instagram.com/reel/Cv5QmvfAgo4/?utm_source=ig_web_copy_link&igsh=MzRlODBiNWFlZA== ,-,-,-,-,-,-,-,-,-,-,-,-,-,-,-,-,-,-
32,-,2023-08-13,https://www.instagram.com/p/Cv5gTzQPrY_/?utm_source=ig_web_copy_link&igsh=MzRlODBiNWFlZA== ,-,118,-,-,-,-,-,-,-,-,-,-,-,HIST,Autenticidade,-,Foto com sua mãe na cidade em que nasceu,Foto
33,-,2023-08-13,https://www.instagram.com/reel/Cv5s4J6Mrxo/?utm_source=ig_web_copy_link&igsh=MzRlODBiNWFlZA== ,-,-,-,-,-,-,-,-,-,-,-,-,-,-,-,-,-,-
34,-,2023-08-13,https://www.instagram.com/p/Cv54fHhrygr/?utm_source=ig_web_copy_link&igsh=MzRlODBiNWFlZA== ,-,-,-,-,-,-,-,-,-,-,-,-,-,-,-,-,-,-
35,-,2023-08-13,https://www.instagram.com/reel/Cv55kzYO_jv/?utm_source=ig_web_copy_link&igsh=MzRlODBiNWFlZA== ,-,-,-,-,-,-,-,-,-,-,-,-,-,-,-,-,-,-
36,-,2023-08-13,https://www.instagram.com/p/Cv57ID1Lycc/?utm_source=ig_web_copy_link&igsh=MzRlODBiNWFlZA== ,-,-,-,-,-,-,-,-,-,-,-,-,-,-,-,-,-,-
37,-,2023-08-13,https://www.instagram.com/p/Cv57aoFrqqg/?utm_source=ig_web_copy_link&igsh=MzRlODBiNWFlZA== ,-,-,-,-,-,-,-,-,-,-,-,-,-,-,-,-,-,-
38,-,2023-08-13,https://www.instagram.com/p/Cv57iZ3L_YR/?utm_source=ig_web_copy_link&igsh=MzRlODBiNWFlZA== ,-,-,-,-,-,-,-,-,-,-,-,-,-,-,-,-,-,-
39,-,2023-08-13,https://www.instagram.com/p/Cv576dALmNs/?utm_source=ig_web_copy_link&igsh=MzRlODBiNWFlZA== ,-,-,-,-,-,-,-,-,-,-,-,-,-,-,-,-,-,-
40,-,2023-08-13,https://www.instagram.com/reel/Cv57-57xLYF/?utm_source=ig_web_copy_link&igsh=MzRlODBiNWFlZA== ,-,-,-,-,-,-,-,-,-,-,-,-,-,-,-,-,-,-
41,-,2023-08-13,https://www.instagram.com/p/Cv58x6hLEsH/?utm_source=ig_web_copy_link&igsh=MzRlODBiNWFlZA== ,-,-,-,-,-,-,-,-,-,-,-,-,-,-,-,-,-,-
42,-,2023-08-13,https://www.instagram.com/reel/Cv59LyiAhyl/?utm_source=ig_web_copy_link&igsh=MzRlODBiNWFlZA== ,-,-,-,-,-,-,-,-,-,-,-,-,-,-,-,-,-,-
43,-,2023-08-13,https://www.instagram.com/p/Cv59551r4pQ/?utm_source=ig_web_copy_link&igsh=MzRlODBiNWFlZA== ,-,-,-,-,-,-,-,-,-,-,-,-,-,-,-,-,-,-
44,-,2023-08-13,https://www.instagram.com/p/Cv5-M-WL30G/?utm_source=ig_web_copy_link&igsh=MzRlODBiNWFlZA== ,-,-,-,-,-,-,-,-,-,-,-,-,-,-,-,-,-,-
45,-,2023-08-13,https://www.instagram.com/p/Cv5_zc3LvgB/?utm_source=ig_web_copy_link&igsh=MzRlODBiNWFlZA== ,-,-,-,-,-,-,-,-,-,-,-,-,-,-,-,-,-,-
46,-,2023-08-13,https://www.instagram.com/reel/Cv6ADH1uhgn/?utm_source=ig_web_copy_link&igsh=MzRlODBiNWFlZA== ,-,-,-,-,-,-,-,-,-,-,-,-,-,-,-,-,-,-
47,-,2023-08-13,https://www.instagram.com/p/Cv6ArPTrr4Y/?utm_source=ig_web_copy_link&igsh=MzRlODBiNWFlZA== ,-,-,-,-,-,-,-,-,-,-,-,-,-,-,-,-,-,-
48,-,2023-08-13,https://www.instagram.com/p/Cv6BKxFruK8/?utm_source=ig_web_copy_link&igsh=MzRlODBiNWFlZA== ,-,-,-,-,-,-,-,-,-,-,-,-,-,-,-,-,-,-
49,-,2023-08-13,https://www.instagram.com/p/Cv6Dw3grdNp/?utm_source=ig_web_copy_link&igsh=MzRlODBiNWFlZA== ,-,-,-,-,-,-,-,-,-,-,-,-,-,-,-,-,-,-
50,-,2023-08-13,https://www.instagram.com/p/Cv6ESDoreTw/?utm_source=ig_web_copy_link&igsh=MzRlODBiNWFlZA== ,-,-,-,-,-,-,-,-,-,-,-,-,-,-,-,-,-,-
51,-,2023-08-13,https://www.instagram.com/reel/Cv6EpnGMcdA/?utm_source=ig_web_copy_link&igsh=MzRlODBiNWFlZA== ,-,-,-,-,-,-,-,-,-,-,-,-,-,-,-,-,-,-
52,-,2023-08-13,https://www.instagram.com/p/Cv6FWMNLZJa/?utm_source=ig_web_copy_link&igsh=MzRlODBiNWFlZA== ,-,-,-,-,-,-,-,-,-,-,-,-,-,-,-,-,-,-
53,-,2023-08-13,https://www.instagram.com/reel/Cv6HTgJt3mq/?utm_source=ig_web_copy_link&igsh=MzRlODBiNWFlZA== ,-,-,-,-,-,-,-,-,-,-,-,-,-,-,-,-,-,-
54,-,2023-08-13,https://www.instagram.com/reel/Cv6HpPErlsN/?utm_source=ig_web_copy_link&igsh=MzRlODBiNWFlZA== ,-,-,-,-,-,-,-,-,-,-,-,-,-,-,-,-,-,-
55,-,2023-08-13,https://www.instagram.com/p/Cv6IZzON55c/?utm_source=ig_web_copy_link&igsh=MzRlODBiNWFlZA== ,-,-,-,-,-,-,-,-,-,-,-,-,-,-,-,-,-,-
56,-,2023-08-13,https://www.instagram.com/reel/Cv6Itwkt-ew/?utm_source=ig_web_copy_link&igsh=MzRlODBiNWFlZA== ,-,-,-,-,-,-,-,-,-,-,-,-,-,-,-,-,-,-
57,-,2023-08-13,https://www.instagram.com/reel/Cv6JZDSrFYD/?utm_source=ig_web_copy_link&igsh=MzRlODBiNWFlZA==,-,-,-,-,-,-,-,-,-,-,-,-,-,-,-,-,-,-
58,-,2023-08-13,https://www.instagram.com/p/Cv6J6OCtNv7/?utm_source=ig_web_copy_link&igsh=MzRlODBiNWFlZA== ,-,-,-,-,-,-,-,-,-,-,-,-,-,-,-,-,-,-
59,-,2023-08-13,https://www.instagram.com/reel/Cv6KiH-NgEJ/?utm_source=ig_web_copy_link&igsh=MzRlODBiNWFlZA== ,-,-,-,-,-,-,-,-,-,-,-,-,-,-,-,-,-,-
60,-,2023-08-14,https://www.instagram.com/reel/Cv6ML9MNI6f/?utm_source=ig_web_copy_link&igsh=MzRlODBiNWFlZA== ,-,-,-,-,-,-,-,-,-,-,-,-,-,-,-,-,-,-
61,-,2023-08-14,https://www.instagram.com/reel/Cv6NHtnNNq_/?utm_source=ig_web_copy_link&igsh=MzRlODBiNWFlZA== ,-,-,-,-,-,-,-,-,-,-,-,-,-,-,-,-,-,-
62,-,2023-08-14,https://www.instagram.com/p/Cv6Net4NcRU/?utm_source=ig_web_copy_link&igsh=MzRlODBiNWFlZA== ,-,-,-,-,-,-,-,-,-,-,-,-,-,-,-,-,-,-
63,-,2023-08-14,https://www.instagram.com/reel/Cv6OVKGN8td/?utm_source=ig_web_copy_link&igsh=MzRlODBiNWFlZA== ,-,-,-,-,-,-,-,-,-,-,-,-,-,-,-,-,-,-
64,-,2023-08-14,https://www.instagram.com/p/Cv6QaEWNg4F/?utm_source=ig_web_copy_link&igsh=MzRlODBiNWFlZA== ,-,-,-,-,-,-,-,-,-,-,-,-,-,-,-,-,-,-
65,-,2023-08-14,https://www.instagram.com/reel/Cv6VeR2t5Xm/?utm_source=ig_web_copy_link&igsh=MzRlODBiNWFlZA== ,-,-,-,-,-,-,-,-,-,-,-,-,-,-,-,-,-,-
66,-,2023-08-14,https://www.instagram.com/p/Cv6W_GgObz3/?utm_source=ig_web_copy_link&igsh=MzRlODBiNWFlZA== ,-,-,-,-,-,-,-,-,-,-,-,-,-,-,-,-,-,-
67,-,2023-08-14,https://www.instagram.com/reel/Cv7JDRBNUCI/?utm_source=ig_web_copy_link&igsh=MzRlODBiNWFlZA== ,-,-,-,-,-,-,-,-,-,-,-,-,-,-,-,-,-,-
68,-,2023-08-14,https://www.instagram.com/p/Cv7VmO9L2Mu/?utm_source=ig_web_copy_link&igsh=MzRlODBiNWFlZA== ,-,-,-,-,-,-,-,-,-,-,-,-,-,-,-,-,-,-
69,-,2023-08-14,https://www.instagram.com/reel/Cv7ZPrkg-cw/?utm_source=ig_web_copy_link&igsh=MzRlODBiNWFlZA== ,-,-,-,-,-,-,-,-,-,-,-,-,-,-,-,-,-,-
70,-,2023-08-14,https://www.instagram.com/p/Cv7ijzzLTGW/?utm_source=ig_web_copy_link&igsh=MzRlODBiNWFlZA== ,-,-,-,-,-,-,-,-,-,-,-,-,-,-,-,-,-,-
71,-,2023-08-14,https://www.instagram.com/reel/Cv7m2ZTrZrh/?utm_source=ig_web_copy_link&igsh=MzRlODBiNWFlZA== ,-,-,-,-,-,-,-,-,-,-,-,-,-,-,-,-,-,-
72,-,2023-08-14,https://www.instagram.com/reel/Cv7312ULvX6/?utm_source=ig_web_copy_link&igsh=MzRlODBiNWFlZA== ,-,-,-,-,-,-,-,-,-,-,-,-,-,-,-,-,-,-
73,-,2023-08-14,https://www.instagram.com/p/Cv75eTaOQXr/?utm_source=ig_web_copy_link&igsh=MzRlODBiNWFlZA== ,-,-,-,-,-,-,-,-,-,-,-,-,-,-,-,-,-,-
74,-,2023-08-14,https://www.instagram.com/reel/Cv8I-qjA5VU/?utm_source=ig_web_copy_link&igsh=MzRlODBiNWFlZA== ,-,-,-,-,-,-,-,-,-,-,-,-,-,-,-,-,-,-
75,-,2023-08-14,https://www.instagram.com/reel/Cv8UmtisxBv/?utm_source=ig_web_copy_link&igsh=MzRlODBiNWFlZA== ,-,-,-,-,-,-,-,-,-,-,-,-,-,-,-,-,-,-
76,-,2023-08-14,https://www.instagram.com/reel/Cv8eHNpMhNr/?utm_source=ig_web_copy_link&igsh=MzRlODBiNWFlZA== ,-,-,-,-,-,-,-,-,-,-,-,-,-,-,-,-,-,-
77,-,2023-08-15,https://www.instagram.com/reel/Cv91LIfMSR3/?utm_source=ig_web_copy_link&igsh=MzRlODBiNWFlZA== ,-,-,-,-,-,-,-,-,-,-,-,-,-,-,-,-,-,-
78,-,2023-08-15,https://www.instagram.com/reel/Cv99ZPEuorA/?utm_source=ig_web_copy_link&igsh=MzRlODBiNWFlZA== ,-,-,-,-,-,-,-,-,-,-,-,-,-,-,-,-,-,-
79,-,2023-08-15,https://www.instagram.com/reel/Cv-BQfAtdJk/?utm_source=ig_web_copy_link&igsh=MzRlODBiNWFlZA== ,-,-,-,-,-,-,-,-,-,-,-,-,-,-,-,-,-,-
80,-,2023-08-15,https://www.instagram.com/reel/Cv-C7DnuBSu/?utm_source=ig_web_copy_link&igsh=MzRlODBiNWFlZA== ,-,-,-,-,-,-,-,-,-,-,-,-,-,-,-,-,-,-
81,-,2023-08-15,https://www.instagram.com/reel/Cv-JVBBtU-o/?utm_source=ig_web_copy_link&igsh=MzRlODBiNWFlZA== ,-,-,-,-,-,-,-,-,-,-,-,-,-,-,-,-,-,-
82,-,2023-08-15,https://www.instagram.com/reel/Cv-R5nDgvu6/?utm_source=ig_web_copy_link&igsh=MzRlODBiNWFlZA== ,-,-,-,-,-,-,-,-,-,-,-,-,-,-,-,-,-,-
83,-,2023-08-15,https://www.instagram.com/p/Cv-WwQfr1ge/?utm_source=ig_web_copy_link&igsh=MzRlODBiNWFlZA== ,-,-,-,-,-,-,-,-,-,-,-,-,-,-,-,-,-,-
84,-,2023-08-15,https://www.instagram.com/reel/Cv-YrAaso0V/?utm_source=ig_web_copy_link&igsh=MzRlODBiNWFlZA== ,-,-,-,-,-,-,-,-,-,-,-,-,-,-,-,-,-,-
85,-,2023-08-15,https://www.instagram.com/p/Cv-0N-Vr6Ze/?utm_source=ig_web_copy_link&igsh=MzRlODBiNWFlZA== ,-,-,-,-,-,-,-,-,-,-,-,-,-,-,-,-,-,-
86,-,2023-08-15,https://www.instagram.com/reel/Cv_BlHBMrj8/?utm_source=ig_web_copy_link&igsh=MzRlODBiNWFlZA== ,-,-,-,-,-,-,-,-,-,-,-,-,-,-,-,-,-,-
87,-,2023-08-16,https://www.instagram.com/reel/CwATkCoLeAl/?utm_source=ig_web_copy_link&igsh=MzRlODBiNWFlZA== ,-,-,-,-,-,-,-,-,-,-,-,-,-,-,-,-,-,-
88,-,2023-08-16,https://www.instagram.com/reel/CwA8pCbsgte/?utm_source=ig_web_copy_link&igsh=MzRlODBiNWFlZA== ,-,-,-,-,-,-,-,-,-,-,-,-,-,-,-,-,-,-
89,-,2023-08-16,https://www.instagram.com/reel/CwBDlAXJU8q/?utm_source=ig_web_copy_link&igsh=MzRlODBiNWFlZA== ,-,-,-,-,-,-,-,-,-,-,-,-,-,-,-,-,-,-
90,-,2023-08-16,https://www.instagram.com/reel/CwBPRKvpg2r/?utm_source=ig_web_copy_link&igsh=MzRlODBiNWFlZA== ,-,-,-,-,-,-,-,-,-,-,-,-,-,-,-,-,-,-
91,-,2023-08-16,https://www.instagram.com/reel/CwBfHIwpuiP/?utm_source=ig_web_copy_link&igsh=MzRlODBiNWFlZA== ,-,-,-,-,-,-,-,-,-,-,-,-,-,-,-,-,-,-
92,-,2023-08-16,https://www.instagram.com/reel/CwB2EDUpLvo/?utm_source=ig_web_copy_link&igsh=MzRlODBiNWFlZA== ,-,-,-,-,-,-,-,-,-,-,-,-,-,-,-,-,-,-
93,-,2023-08-17,https://www.instagram.com/p/CwB6bsNNtqP/?utm_source=ig_web_copy_link&igsh=MzRlODBiNWFlZA== ,-,-,-,-,-,-,-,-,-,-,-,-,-,-,-,-,-,-
94,-,2023-08-17,https://www.instagram.com/reel/CwDNZtwp_LY/?utm_source=ig_web_copy_link&igsh=MzRlODBiNWFlZA== ,-,-,-,-,-,-,-,-,-,-,-,-,-,-,-,-,-,-
95,-,2023-08-17,https://www.instagram.com/reel/CwDdg_7pEgQ/?utm_source=ig_web_copy_link&igsh=MzRlODBiNWFlZA== ,-,-,-,-,-,-,-,-,-,-,-,-,-,-,-,-,-,-
96,-,2023-08-17,https://www.instagram.com/reel/CwDmLoDJz71/?utm_source=ig_web_copy_link&igsh=MzRlODBiNWFlZA== ,-,-,-,-,-,-,-,-,-,-,-,-,-,-,-,-,-,-
97,-,2023-08-17,https://www.instagram.com/reel/CwDuzCap0bS/?utm_source=ig_web_copy_link&igsh=MzRlODBiNWFlZA== ,-,-,-,-,-,-,-,-,-,-,-,-,-,-,-,-,-,-
98,-,2023-08-17,https://www.instagram.com/reel/CwD13YWJA04/?utm_source=ig_web_copy_link&igsh=MzRlODBiNWFlZA== ,-,-,-,-,-,-,-,-,-,-,-,-,-,-,-,-,-,-
99,-,2023-08-17,https://www.instagram.com/reel/CwD6sp9p6hn/?utm_source=ig_web_copy_link&igsh=MzRlODBiNWFlZA== ,-,-,-,-,-,-,-,-,-,-,-,-,-,-,-,-,-,-
100,-,2023-08-17,https://www.instagram.com/reel/CwD8BkhJG2t/?utm_source=ig_web_copy_link&igsh=MzRlODBiNWFlZA== ,-,-,-,-,-,-,-,-,-,-,-,-,-,-,-,-,-,-
101,-,2023-08-17,https://www.instagram.com/p/CwEEubvrQql/?utm_source=ig_web_copy_link&igsh=MzRlODBiNWFlZA== ,-,-,-,-,-,-,-,-,-,-,-,-,-,-,-,-,-,-
102,-,2023-08-17,https://www.instagram.com/p/CwEHovqL0ZE/?utm_source=ig_web_copy_link&igsh=MzRlODBiNWFlZA== ,-,-,-,-,-,-,-,-,-,-,-,-,-,-,-,-,-,-
103,-,2023-08-17,https://www.instagram.com/reel/CwEWqGbJV-J/?utm_source=ig_web_copy_link&igsh=MzRlODBiNWFlZA== ,-,-,-,-,-,-,-,-,-,-,-,-,-,-,-,-,-,-
104,-,2023-08-18,https://www.instagram.com/reel/CwEjLMgs2p1/?utm_source=ig_web_copy_link&igsh=MzRlODBiNWFlZA== ,-,-,-,-,-,-,-,-,-,-,-,-,-,-,-,-,-,-
105,-,2023-08-18,https://www.instagram.com/p/CwEld5Nt0MM/?utm_source=ig_web_copy_link&igsh=MzRlODBiNWFlZA== ,-,-,-,-,-,-,-,-,-,-,-,-,-,-,-,-,-,-
106,-,2023-08-18,https://www.instagram.com/reel/CwFe78FBf3_/?utm_source=ig_web_copy_link&igsh=MzRlODBiNWFlZA== ,-,-,-,-,-,-,-,-,-,-,-,-,-,-,-,-,-,-
107,-,2023-08-18,https://www.instagram.com/reel/CwGBPT1J1T7/?utm_source=ig_web_copy_link&igsh=MzRlODBiNWFlZA== ,-,-,-,-,-,-,-,-,-,-,-,-,-,-,-,-,-,-
108,-,2023-08-18,https://www.instagram.com/reel/CwGPv4bJpcm/?utm_source=ig_web_copy_link&igsh=MzRlODBiNWFlZA== ,-,-,-,-,-,-,-,-,-,-,-,-,-,-,-,-,-,-
109,-,2023-08-18,https://www.instagram.com/p/CwGVSrUvkm1/?utm_source=ig_web_copy_link&igsh=MzRlODBiNWFlZA== ,-,-,-,-,-,-,-,-,-,-,-,-,-,-,-,-,-,-
110,-,2023-08-18,https://www.instagram.com/reel/CwGe3P4JCo7/?utm_source=ig_web_copy_link&igsh=MzRlODBiNWFlZA== ,-,-,-,-,-,-,-,-,-,-,-,-,-,-,-,-,-,-
111,-,2023-08-18,https://www.instagram.com/reel/CwGiRDJpSR-/?utm_source=ig_web_copy_link&igsh=MzRlODBiNWFlZA== ,-,-,-,-,-,-,-,-,-,-,-,-,-,-,-,-,-,-
112,-,2023-08-18,https://www.instagram.com/reel/CwGkWuHpoZF/?utm_source=ig_web_copy_link&igsh=MzRlODBiNWFlZA== ,-,-,-,-,-,-,-,-,-,-,-,-,-,-,-,-,-,-
113,-,2023-08-18,https://www.instagram.com/p/CwGtOJ8riYf/?utm_source=ig_web_copy_link&igsh=MzRlODBiNWFlZA== ,-,-,-,-,-,-,-,-,-,-,-,-,-,-,-,-,-,-
114,-,2023-08-18,https://www.instagram.com/reel/CwG8R9kp_t1/?utm_source=ig_web_copy_link&igsh=MzRlODBiNWFlZA== ,-,-,-,-,-,-,-,-,-,-,-,-,-,-,-,-,-,-
115,-,2023-08-18,https://www.instagram.com/reel/CwG-McupX7R/?utm_source=ig_web_copy_link&igsh=MzRlODBiNWFlZA== ,-,-,-,-,-,-,-,-,-,-,-,-,-,-,-,-,-,-
116,-,2023-08-19,https://www.instagram.com/reel/CwIQTjxJfc0/?utm_source=ig_web_copy_link&igsh=MzRlODBiNWFlZA== ,-,-,-,-,-,-,-,-,-,-,-,-,-,-,-,-,-,-
117,-,2023-08-19,https://www.instagram.com/reel/CwIfJWYJEaX/?utm_source=ig_web_copy_link&igsh=MzRlODBiNWFlZA== ,-,-,-,-,-,-,-,-,-,-,-,-,-,-,-,-,-,-
118,-,2023-08-19,https://www.instagram.com/reel/CwImgWmJAAN/?utm_source=ig_web_copy_link&igsh=MzRlODBiNWFlZA== ,-,-,-,-,-,-,-,-,-,-,-,-,-,-,-,-,-,-
119,-,2023-08-19,https://www.instagram.com/reel/CwIoi1LJvFW/?utm_source=ig_web_copy_link&igsh=MzRlODBiNWFlZA== ,-,-,-,-,-,-,-,-,-,-,-,-,-,-,-,-,-,-
120,-,2023-08-19,https://www.instagram.com/reel/CwIug51pli8/?utm_source=ig_web_copy_link&igsh=MzRlODBiNWFlZA== ,-,-,-,-,-,-,-,-,-,-,-,-,-,-,-,-,-,-
121,-,2023-08-19,https://www.instagram.com/reel/CwI_9lcpI64/?utm_source=ig_web_copy_link&igsh=MzRlODBiNWFlZA== ,-,-,-,-,-,-,-,-,-,-,-,-,-,-,-,-,-,-
122,-,2023-08-19,https://www.instagram.com/p/CwJIfdqLz79/?utm_source=ig_web_copy_link&igsh=MzRlODBiNWFlZA== ,-,-,-,-,-,-,-,-,-,-,-,-,-,-,-,-,-,-
123,-,2023-08-19,https://www.instagram.com/reel/CwJNnA3JytF/?utm_source=ig_web_copy_link&igsh=MzRlODBiNWFlZA== ,-,-,-,-,-,-,-,-,-,-,-,-,-,-,-,-,-,-
124,-,2023-08-19,https://www.instagram.com/reel/CwJV6HAp2Ch/?utm_source=ig_web_copy_link&igsh=MzRlODBiNWFlZA== ,-,-,-,-,-,-,-,-,-,-,-,-,-,-,-,-,-,-
125,-,2023-08-19,https://www.instagram.com/reel/CwJj7YKJdqK/?utm_source=ig_web_copy_link&igsh=MzRlODBiNWFlZA== ,-,-,-,-,-,-,-,-,-,-,-,-,-,-,-,-,-,-
126,-,2023-08-20,https://www.instagram.com/p/CwK2QZzLQKT/?utm_source=ig_web_copy_link&igsh=MzRlODBiNWFlZA== ,-,-,-,-,-,-,-,-,-,-,-,-,-,-,-,-,-,-
127,-,2023-08-20,https://www.instagram.com/reel/CwK5H4NJNUy/?utm_source=ig_web_copy_link&igsh=MzRlODBiNWFlZA== ,-,-,-,-,-,-,-,-,-,-,-,-,-,-,-,-,-,-
128,-,2023-08-20,https://www.instagram.com/p/CwLUkgmx3lu/?utm_source=ig_web_copy_link&igsh=MzRlODBiNWFlZA== ,-,-,-,-,-,-,-,-,-,-,-,-,-,-,-,-,-,-
129,-,2023-08-20,https://www.instagram.com/p/CwLaPpNPRiG/?utm_source=ig_web_copy_link&igsh=MzRlODBiNWFlZA== ,-,-,-,-,-,-,-,-,-,-,-,-,-,-,-,-,-,-
130,-,2023-08-20,https://www.instagram.com/reel/CwLisKDprUM/?utm_source=ig_web_copy_link&igsh=MzRlODBiNWFlZA== ,-,-,-,-,-,-,-,-,-,-,-,-,-,-,-,-,-,-
131,-,2023-08-20,https://www.instagram.com/p/CwLn2gpvS8E/?utm_source=ig_web_copy_link&igsh=MzRlODBiNWFlZA== ,-,-,-,-,-,-,-,-,-,-,-,-,-,-,-,-,-,-
132,-,2023-08-20,https://www.instagram.com/reel/CwMDZHmJg6Z/?utm_source=ig_web_copy_link&igsh=MzRlODBiNWFlZA== ,-,-,-,-,-,-,-,-,-,-,-,-,-,-,-,-,-,-
133,-,2023-08-21,https://www.instagram.com/p/CwMN7ZcNucq/?utm_source=ig_web_copy_link&igsh=MzRlODBiNWFlZA== ,-,-,-,-,-,-,-,-,-,-,-,-,-,-,-,-,-,-
134,-,2023-08-21,https://www.instagram.com/reel/CwMQElqt-Qi/?utm_source=ig_web_copy_link&igsh=MzRlODBiNWFlZA== ,-,-,-,-,-,-,-,-,-,-,-,-,-,-,-,-,-,-
135,-,2023-08-21,https://www.instagram.com/reel/CwOAvJBupfg/?utm_source=ig_web_copy_link&igsh=MzRlODBiNWFlZA== ,-,-,-,-,-,-,-,-,-,-,-,-,-,-,-,-,-,-
136,-,2023-08-21,https://www.instagram.com/p/CwOHfdTRM8O/?utm_source=ig_web_copy_link&igsh=MzRlODBiNWFlZA== ,-,-,-,-,-,-,-,-,-,-,-,-,-,-,-,-,-,-
137,-,2023-08-21,https://www.instagram.com/reel/CwOgA20JltP/?utm_source=ig_web_copy_link&igsh=MzRlODBiNWFlZA== ,-,-,-,-,-,-,-,-,-,-,-,-,-,-,-,-,-,-
138,-,2023-08-22,https://www.instagram.com/reel/CwRCxlFpRWf/?utm_source=ig_web_copy_link&igsh=MzRlODBiNWFlZA== ,-,-,-,-,-,-,-,-,-,-,-,-,-,-,-,-,-,-
139,-,2023-08-23,https://www.instagram.com/reel/CwTg7BRpcOK/?utm_source=ig_web_copy_link&igsh=MzRlODBiNWFlZA== ,-,-,-,-,-,-,-,-,-,-,-,-,-,-,-,-,-,-
140,-,2023-08-23,https://www.instagram.com/reel/CwT1aa3MoUv/?utm_source=ig_web_copy_link&igsh=MzRlODBiNWFlZA== ,-,-,-,-,-,-,-,-,-,-,-,-,-,-,-,-,-,-
141,-,2023-08-23,https://www.instagram.com/reel/CwT2kZ_pcKB/?utm_source=ig_web_copy_link&igsh=MzRlODBiNWFlZA== ,-,-,-,-,-,-,-,-,-,-,-,-,-,-,-,-,-,-
142,-,2023-08-24,https://www.instagram.com/reel/CwV1u3upb-y/?utm_source=ig_web_copy_link&igsh=MzRlODBiNWFlZA== ,-,-,-,-,-,-,-,-,-,-,-,-,-,-,-,-,-,-
143,-,2023-08-26,https://www.instagram.com/p/CwaeuMSrcXa/?utm_source=ig_web_copy_link&igsh=MzRlODBiNWFlZA== ,-,-,-,-,-,-,-,-,-,-,-,-,-,-,-,-,-,-
144,-,2023-08-26,https://www.instagram.com/reel/CwafFQHprkI/?utm_source=ig_web_copy_link&igsh=MzRlODBiNWFlZA== ,-,-,-,-,-,-,-,-,-,-,-,-,-,-,-,-,-,-
145,-,2023-08-26,https://www.instagram.com/reel/CwbnkTpJjX1/?utm_source=ig_web_copy_link&igsh=MzRlODBiNWFlZA== ,-,-,-,-,-,-,-,-,-,-,-,-,-,-,-,-,-,-
146,-,2023-08-30,https://www.instagram.com/reel/Cwk3vunp8xh/?utm_source=ig_web_copy_link&igsh=MzRlODBiNWFlZA== ,-,-,-,-,-,-,-,-,-,-,-,-,-,-,-,-,-,-
147,-,2023-08-30,https://www.instagram.com/reel/Cwk4f9IJNUt/?utm_source=ig_web_copy_link&igsh=MzRlODBiNWFlZA== ,-,-,-,-,-,-,-,-,-,-,-,-,-,-,-,-,-,-
148,-,2023-08-30,https://www.instagram.com/reel/CwlJvM_vB84/?utm_source=ig_web_copy_link&igsh=MzRlODBiNWFlZA== ,-,-,-,-,-,-,-,-,-,-,-,-,-,-,-,-,-,-
149,-,2023-08-30,https://www.instagram.com/p/CwlQzd0vesj/?utm_source=ig_web_copy_link&igsh=MzRlODBiNWFlZA== ,-,-,-,-,-,-,-,-,-,-,-,-,-,-,-,-,-,-
150,-,2023-08-31,https://www.instagram.com/reel/CwnVR7mLnxN/?utm_source=ig_web_copy_link&igsh=MzRlODBiNWFlZA== ,-,-,-,-,-,-,-,-,-,-,-,-,-,-,-,-,-,-
151,-,2023-08-31,https://www.instagram.com/p/CwnywEOPnRR/?utm_source=ig_web_copy_link&igsh=MzRlODBiNWFlZA== ,-,-,-,-,-,-,-,-,-,-,-,-,-,-,-,-,-,-
152,-,2023-09-01,https://www.instagram.com/reel/CwofiUAL8ae/?utm_source=ig_web_copy_link&igsh=MzRlODBiNWFlZA== ,-,-,-,-,-,-,-,-,-,-,-,-,-,-,-,-,-,-
153,-,2023-09-01,https://www.instagram.com/reel/Cwp6G-vLRyo/?utm_source=ig_web_copy_link&igsh=MzRlODBiNWFlZA== ,-,-,-,-,-,-,-,-,-,-,-,-,-,-,-,-,-,-
154,-,2023-09-01,https://www.instagram.com/reel/Cwp-b7JLOCG/?utm_source=ig_web_copy_link&igsh=MzRlODBiNWFlZA== ,-,-,-,-,-,-,-,-,-,-,-,-,-,-,-,-,-,-
155,-,2023-09-01,https://www.instagram.com/reel/CwqtQVCLFI9/?utm_source=ig_web_copy_link&igsh=MzRlODBiNWFlZA== ,-,-,-,-,-,-,-,-,-,-,-,-,-,-,-,-,-,-
156,-,2023-09-01,https://www.instagram.com/reel/Cwq6J_rLHtW/?utm_source=ig_web_copy_link&igsh=MzRlODBiNWFlZA== ,-,-,-,-,-,-,-,-,-,-,-,-,-,-,-,-,-,-
157,-,2023-09-02,https://www.instagram.com/reel/Cws1ImSvTfQ/?utm_source=ig_web_copy_link&igsh=MzRlODBiNWFlZA== ,-,-,-,-,-,-,-,-,-,-,-,-,-,-,-,-,-,-
158,-,2023-09-02,https://www.instagram.com/reel/CwtCarCuwbm/?utm_source=ig_web_copy_link&igsh=MzRlODBiNWFlZA== ,-,-,-,-,-,-,-,-,-,-,-,-,-,-,-,-,-,-
159,-,2023-09-02,https://www.instagram.com/p/Cwtnp-ErS19/?utm_source=ig_web_copy_link&igsh=MzRlODBiNWFlZA== ,-,-,-,-,-,-,-,-,-,-,-,-,-,-,-,-,-,-
160,-,2023-09-05,https://www.instagram.com/reel/Cwy3thHNvW2/?utm_source=ig_web_copy_link&igsh=MzRlODBiNWFlZA== ,-,-,-,-,-,-,-,-,-,-,-,-,-,-,-,-,-,-
161,-,2023-09-05,https://www.instagram.com/reel/Cw0zbjFvSi9/?utm_source=ig_web_copy_link&igsh=MzRlODBiNWFlZA== ,-,-,-,-,-,-,-,-,-,-,-,-,-,-,-,-,-,-
162,-,2023-09-06,https://www.instagram.com/reel/Cw1dJAPtufY/?utm_source=ig_web_copy_link&igsh=MzRlODBiNWFlZA== ,-,-,-,-,-,-,-,-,-,-,-,-,-,-,-,-,-,-
163,-,2023-09-06,https://www.instagram.com/reel/Cw3mf66Lx1a/?utm_source=ig_web_copy_link&igsh=MzRlODBiNWFlZA== ,-,-,-,-,-,-,-,-,-,-,-,-,-,-,-,-,-,-
164,-,2023-09-06,https://www.instagram.com/reel/Cw31kKNLCdg/?utm_source=ig_web_copy_link&igsh=MzRlODBiNWFlZA== ,-,-,-,-,-,-,-,-,-,-,-,-,-,-,-,-,-,-
165,-,2023-09-07,https://www.instagram.com/reel/Cw5rzTSroro/?utm_source=ig_web_copy_link&igsh=MzRlODBiNWFlZA== ,-,-,-,-,-,-,-,-,-,-,-,-,-,-,-,-,-,-
166,-,2023-09-08,https://www.instagram.com/reel/Cw7pD2GLcpf/?utm_source=ig_web_copy_link&igsh=MzRlODBiNWFlZA== ,-,-,-,-,-,-,-,-,-,-,-,-,-,-,-,-,-,-
167,-,2023-09-08,https://www.instagram.com/reel/Cw74WN-LNok/?utm_source=ig_web_copy_link&igsh=MzRlODBiNWFlZA== ,-,-,-,-,-,-,-,-,-,-,-,-,-,-,-,-,-,-
168,-,2023-09-08,https://www.instagram.com/reel/Cw88cc6rHZb/?utm_source=ig_web_copy_link&igsh=MzRlODBiNWFlZA== ,-,-,-,-,-,-,-,-,-,-,-,-,-,-,-,-,-,-
169,-,2023-09-08,https://www.instagram.com/p/Cw9By40LRtY/?utm_source=ig_web_copy_link&igsh=MzRlODBiNWFlZA== ,-,-,-,-,-,-,-,-,-,-,-,-,-,-,-,-,-,-
170,-,2023-09-09,https://www.instagram.com/reel/Cw-ezxvrzfI/?utm_source=ig_web_copy_link&igsh=MzRlODBiNWFlZA== ,-,-,-,-,-,-,-,-,-,-,-,-,-,-,-,-,-,-
171,-,2023-09-09,https://www.instagram.com/reel/Cw-7dw9PaG_/?utm_source=ig_web_copy_link&igsh=MzRlODBiNWFlZA== ,-,-,-,-,-,-,-,-,-,-,-,-,-,-,-,-,-,-
172,-,2023-09-09,https://www.instagram.com/p/Cw_kUBlLSE2/?utm_source=ig_web_copy_link&igsh=MzRlODBiNWFlZA== ,-,-,-,-,-,-,-,-,-,-,-,-,-,-,-,-,-,-
173,-,2023-09-09,https://www.instagram.com/reel/Cw_iVCprsFo/?utm_source=ig_web_copy_link&igsh=MzRlODBiNWFlZA== ,-,-,-,-,-,-,-,-,-,-,-,-,-,-,-,-,-,-
174,-,2023-09-10,https://www.instagram.com/reel/CxA-hllrYa9/?utm_source=ig_web_copy_link&igsh=MzRlODBiNWFlZA== ,-,-,-,-,-,-,-,-,-,-,-,-,-,-,-,-,-,-
175,-,2023-09-10,https://www.instagram.com/reel/CxBbAzwv4jM/?utm_source=ig_web_copy_link&igsh=MzRlODBiNWFlZA== ,-,-,-,-,-,-,-,-,-,-,-,-,-,-,-,-,-,-
176,-,2023-09-11,https://www.instagram.com/reel/CxDvnULLqa-/?utm_source=ig_web_copy_link&igsh=MzRlODBiNWFlZA== ,-,-,-,-,-,-,-,-,-,-,-,-,-,-,-,-,-,-
177,-,2023-09-11,https://www.instagram.com/reel/CxEBTubvUTh/?utm_source=ig_web_copy_link&igsh=MzRlODBiNWFlZA== ,-,-,-,-,-,-,-,-,-,-,-,-,-,-,-,-,-,-
178,-,2023-09-11,https://www.instagram.com/reel/CxEagOIrtIb/?utm_source=ig_web_copy_link&igsh=MzRlODBiNWFlZA== ,-,-,-,-,-,-,-,-,-,-,-,-,-,-,-,-,-,-
179,-,2023-09-11,https://www.instagram.com/reel/CxEwOduryn4/?utm_source=ig_web_copy_link&igsh=MzRlODBiNWFlZA== ,-,-,-,-,-,-,-,-,-,-,-,-,-,-,-,-,-,-
180,-,2023-09-12,https://www.instagram.com/reel/CxGDVOrLzb9/?utm_source=ig_web_copy_link&igsh=MzRlODBiNWFlZA== ,-,-,-,-,-,-,-,-,-,-,-,-,-,-,-,-,-,-
181,-,2023-09-13,https://www.instagram.com/reel/CxIuJnWLT1E/?utm_source=ig_web_copy_link&igsh=MzRlODBiNWFlZA== ,-,-,-,-,-,-,-,-,-,-,-,-,-,-,-,-,-,-
182,-,2023-09-13,https://www.instagram.com/reel/CxJJP9WPet_/?utm_source=ig_web_copy_link&igsh=MzRlODBiNWFlZA== ,-,-,-,-,-,-,-,-,-,-,-,-,-,-,-,-,-,-
183,-,2023-09-13,https://www.instagram.com/reel/CxJiVUlLhgn/?utm_source=ig_web_copy_link&igsh=MzRlODBiNWFlZA== ,-,-,-,-,-,-,-,-,-,-,-,-,-,-,-,-,-,-
184,-,2023-09-14,https://www.instagram.com/reel/CxKBvKANJwX/?utm_source=ig_web_copy_link&igsh=MzRlODBiNWFlZA== ,-,-,-,-,-,-,-,-,-,-,-,-,-,-,-,-,-,-
185,-,2023-09-14,https://www.instagram.com/reel/CxKGMzSNE_2/?utm_source=ig_web_copy_link&igsh=MzRlODBiNWFlZA== ,-,-,-,-,-,-,-,-,-,-,-,-,-,-,-,-,-,-
186,-,2023-09-14,https://www.instagram.com/reel/CxLNzx0rmhf/?utm_source=ig_web_copy_link&igsh=MzRlODBiNWFlZA== ,-,-,-,-,-,-,-,-,-,-,-,-,-,-,-,-,-,-
187,-,2023-09-14,https://www.instagram.com/reel/CxLj8gTry0Q/?utm_source=ig_web_copy_link&igsh=MzRlODBiNWFlZA== ,-,-,-,-,-,-,-,-,-,-,-,-,-,-,-,-,-,-
188,-,2023-09-14,https://www.instagram.com/reel/CxLt2_avx6G/?utm_source=ig_web_copy_link&igsh=MzRlODBiNWFlZA== ,-,-,-,-,-,-,-,-,-,-,-,-,-,-,-,-,-,-
189,-,2023-09-14,https://www.instagram.com/reel/CxL6V3tPVJH/?utm_source=ig_web_copy_link&igsh=MzRlODBiNWFlZA== ,-,-,-,-,-,-,-,-,-,-,-,-,-,-,-,-,-,-
190,-,2023-09-14,https://www.instagram.com/reel/CxMDpvOrysV/?utm_source=ig_web_copy_link&igsh=MzRlODBiNWFlZA== ,-,-,-,-,-,-,-,-,-,-,-,-,-,-,-,-,-,-
191,-,2023-09-14,https://www.instagram.com/p/CxMUBamrmnv/?utm_source=ig_web_copy_link&igsh=MzRlODBiNWFlZA== ,-,-,-,-,-,-,-,-,-,-,-,-,-,-,-,-,-,-
192,-,2023-09-15,https://www.instagram.com/reel/CxN7zhCrbwN/?utm_source=ig_web_copy_link&igsh=MzRlODBiNWFlZA== ,-,-,-,-,-,-,-,-,-,-,-,-,-,-,-,-,-,-
193,-,2023-09-15,https://www.instagram.com/reel/CxONakJL4Zy/?utm_source=ig_web_copy_link&igsh=MzRlODBiNWFlZA== ,-,-,-,-,-,-,-,-,-,-,-,-,-,-,-,-,-,-
194,-,2023-09-15,https://www.instagram.com/reel/CxOQ1E_L6dh/?utm_source=ig_web_copy_link&igsh=MzRlODBiNWFlZA== ,-,-,-,-,-,-,-,-,-,-,-,-,-,-,-,-,-,-
195,-,2023-09-15,https://www.instagram.com/reel/CxOgz6pPdhS/?utm_source=ig_web_copy_link&igsh=MzRlODBiNWFlZA== ,-,-,-,-,-,-,-,-,-,-,-,-,-,-,-,-,-,-
196,-,2023-09-15,https://www.instagram.com/reel/CxO1h_7rXx1/?utm_source=ig_web_copy_link&igsh=MzRlODBiNWFlZA== ,-,-,-,-,-,-,-,-,-,-,-,-,-,-,-,-,-,-
197,-,2023-09-16,https://www.instagram.com/reel/CxROCaNx8eK/?utm_source=ig_web_copy_link&igsh=MzRlODBiNWFlZA== ,-,-,-,-,-,-,-,-,-,-,-,-,-,-,-,-,-,-
198,-,2023-09-18,https://www.instagram.com/p/CxVp1ZzLVfV/?utm_source=ig_web_copy_link&igsh=MzRlODBiNWFlZA== ,-,-,-,-,-,-,-,-,-,-,-,-,-,-,-,-,-,-
199,-,2023-09-18,https://www.instagram.com/reel/CxWIbygPqO4/?utm_source=ig_web_copy_link&igsh=MzRlODBiNWFlZA== ,-,-,-,-,-,-,-,-,-,-,-,-,-,-,-,-,-,-
200,-,2023-09-18,https://www.instagram.com/reel/CxWQJXTvX8t/?utm_source=ig_web_copy_link&igsh=MzRlODBiNWFlZA== ,-,-,-,-,-,-,-,-,-,-,-,-,-,-,-,-,-,-
201,-,2023-09-18,https://www.instagram.com/reel/CxWcSgUrIwG/?utm_source=ig_web_copy_link&igsh=MzRlODBiNWFlZA== ,-,-,-,-,-,-,-,-,-,-,-,-,-,-,-,-,-,-
202,-,2023-09-19,https://www.instagram.com/reel/CxYfVKKLLtf/?utm_source=ig_web_copy_link&igsh=MzRlODBiNWFlZA== ,-,-,-,-,-,-,-,-,-,-,-,-,-,-,-,-,-,-
203,-,2023-09-19,https://www.instagram.com/reel/CxY63yoLbrA/?utm_source=ig_web_copy_link&igsh=MzRlODBiNWFlZA== ,-,-,-,-,-,-,-,-,-,-,-,-,-,-,-,-,-,-
204,-,2023-09-19,https://www.instagram.com/p/CxZL9DpLos8/?utm_source=ig_web_copy_link&igsh=MzRlODBiNWFlZA== ,-,-,-,-,-,-,-,-,-,-,-,-,-,-,-,-,-,-
205,-,2023-09-19,https://www.instagram.com/p/CxZaqOGLGIo/?utm_source=ig_web_copy_link&igsh=MzRlODBiNWFlZA== ,-,-,-,-,-,-,-,-,-,-,-,-,-,-,-,-,-,-
206,-,2023-09-20,https://www.instagram.com/reel/CxalKEALjks/?utm_source=ig_web_copy_link&igsh=MzRlODBiNWFlZA== ,-,-,-,-,-,-,-,-,-,-,-,-,-,-,-,-,-,-
207,-,2023-09-20,https://www.instagram.com/p/Cxa-YaCLTbv/?utm_source=ig_web_copy_link&igsh=MzRlODBiNWFlZA== ,-,-,-,-,-,-,-,-,-,-,-,-,-,-,-,-,-,-
208,-,2023-09-20,https://www.instagram.com/reel/CxbHWgLrGV6/?utm_source=ig_web_copy_link&igsh=MzRlODBiNWFlZA== ,-,-,-,-,-,-,-,-,-,-,-,-,-,-,-,-,-,-
209,-,2023-09-20,https://www.instagram.com/reel/CxbaWVfPHiE/?utm_source=ig_web_copy_link&igsh=MzRlODBiNWFlZA== ,-,-,-,-,-,-,-,-,-,-,-,-,-,-,-,-,-,-
210,-,2023-09-20,https://www.instagram.com/reel/CxbqHdjNZH2/?utm_source=ig_web_copy_link&igsh=MzRlODBiNWFlZA== ,-,-,-,-,-,-,-,-,-,-,-,-,-,-,-,-,-,-
211,-,2023-09-21,https://www.instagram.com/reel/CxdXntALJnB/?utm_source=ig_web_copy_link&igsh=MzRlODBiNWFlZA== ,-,-,-,-,-,-,-,-,-,-,-,-,-,-,-,-,-,-
212,-,2023-09-21,https://www.instagram.com/reel/CxeERiELrd_/?utm_source=ig_web_copy_link&igsh=MzRlODBiNWFlZA== ,-,-,-,-,-,-,-,-,-,-,-,-,-,-,-,-,-,-
213,-,2023-09-22,https://www.instagram.com/p/Cxf5M_dLfNX/?utm_source=ig_web_copy_link&igsh=MzRlODBiNWFlZA== ,-,-,-,-,-,-,-,-,-,-,-,-,-,-,-,-,-,-
214,-,2023-09-22,https://www.instagram.com/reel/CxgdJa4Pt2j/?utm_source=ig_web_copy_link&igsh=MzRlODBiNWFlZA== ,-,-,-,-,-,-,-,-,-,-,-,-,-,-,-,-,-,-
215,-,2023-09-23,https://www.instagram.com/p/CxjAVbZslA4/?utm_source=ig_web_copy_link&igsh=MzRlODBiNWFlZA== ,-,-,-,-,-,-,-,-,-,-,-,-,-,-,-,-,-,-
216,-,2023-09-23,https://www.instagram.com/p/CxjKuyAoSV0/?utm_source=ig_web_copy_link&igsh=MzRlODBiNWFlZA== ,-,-,-,-,-,-,-,-,-,-,-,-,-,-,-,-,-,-
217,-,2023-09-23,https://www.instagram.com/reel/CxjYVISrio1/?utm_source=ig_web_copy_link&igsh=MzRlODBiNWFlZA== ,-,-,-,-,-,-,-,-,-,-,-,-,-,-,-,-,-,-
218,1,2023-09-24,https://www.instagram.com/p/CxlQna1oBYJ/?utm_source=ig_web_copy_link&igsh=MzRlODBiNWFlZA== ,75,84,,"25,5","11,4","10,4","5,4","12,4","10,9","15,3","8,9","52,7","47,5",-,Autoridade ,-,Luisa entre os jovens,Fotos
219,2,2023-09-24,https://www.instagram.com/reel/Cxl51_av4mz/?utm_source=ig_web_copy_link&igsh=MzRlODBiNWFlZA== ,356,436,,"25,4","15,6","11,1","5,6","12,6","11,1","11,1","7,5","57,7","42,3",-,Humanização,-,Luisa cozinhando prato típico,Vídeo institucional
220,3,2023-09-25,https://www.instagram.com/reel/CxmVrNxNjoH/?utm_source=ig_web_copy_link&igsh=MzRlODBiNWFlZA==,382,509,,"28,9","13,7","11,7","6,4","11,3","10,6",11,"6,3","60,7","39,2",-,Autoridade ,-,Promessas para os eleitores,Vídeo institucional
221,4,2023-09-25,https://www.instagram.com/reel/Cxnn-neLVRd/?utm_source=ig_web_copy_link&igsh=MzRlODBiNWFlZA== ,50,76,,"35,1","13,6","13,6","5,2","7,8","7,1",11,"6,5","67,5","32,4",-,Autoridade,-,Ouvindo os eleitores,Vídeo institucional
222,5,2023-09-25,https://www.instagram.com/reel/CxoDEUPPBzY/?utm_source=ig_web_copy_link&igsh=MzRlODBiNWFlZA== ,72,92,,"26,6","13,3","13,9","5,8",11,"9,8",11,"8,7","59,6","40,5",-,Humanização,-,Apoio de eleitores historicamente excluídos (diversidade),Vídeo institucional
223,6,2023-09-25,https://www.instagram.com/reel/CxoNS4jPwSF/?utm_source=ig_web_copy_link&igsh=MzRlODBiNWFlZA== ,1631,2226,,"30,6","15,3",14,"6,3","11,3","9,9","7,7","4,9","66,2","33,8",-,Autenticidade,-,Capacidade para identificar o que necessita ser feito,Vídeo institucional
224,7,2023-09-25,https://www.instagram.com/reel/CxoUh_RrdfH/?utm_source=ig_web_copy_link&igsh=MzRlODBiNWFlZA== ,323,430,,"29,3","15,3","12,4","6,4","12,7","9,2","9,9","4,9","63,4","36,7",-,Humanização,-,Diversidade e elementos típicos,Vídeo institucional
225,8,2023-09-25,https://www.instagram.com/reel/CxoedngLkqM/?utm_source=ig_web_copy_link&igsh=MzRlODBiNWFlZA== ,115,149,,36,"16,4","13,4","6,5","7,9","8,6","6,2","5,1","72,3","27,8",-,Autoridade,-,Luisa com eleitores,Vídeo institucional
226,9,2023-09-25,https://www.instagram.com/reel/CxosKb9L9dJ/?utm_source=ig_web_copy_link&igsh=MzRlODBiNWFlZA== ,219,271,,"33,1","13,6","13,4","6,1","12,2","8,8","9,1","3,6","66,2","33,7",-,Autoridade,-,Apoio dos eleitores,Vídeo institucional
227,10,2023-09-26,https://www.instagram.com/reel/CxqXd3Jr1Rs/?utm_source=ig_web_copy_link&igsh=MzRlODBiNWFlZA== ,247,346,,"25,9","13,8","13,3","6,1","11,9","11,9","9,9","7,2","59,1","40,9",-,Autoridade,-,Luisa responde perguntas,Vídeo institucional
228,11,2023-09-26,https://www.instagram.com/reel/CxqvLnPvFBW/?utm_source=ig_web_copy_link&igsh=MzRlODBiNWFlZA== ,236,283,,"29,9","16,4","12,7","4,9","14,2","8,8","8,8","4,5","63,9","36,3",-,Autoridade ,-,Luisa conversa com eleitores,Vídeo institucional
229,12,2023-09-26,https://www.instagram.com/reel/CxrIJkor6DB/?utm_source=ig_web_copy_link&igsh=MzRlODBiNWFlZA== ,2211,2868,,"25,4","11,8","11,2","5,5","12,5","12,6","12,8","8,2","53,9","46,1",-,Autoridade,-,Já fomos o 2 país mais seguro da região,Vídeo institucional
230,13,2023-09-26,https://www.instagram.com/reel/CxrRKqvrGLp/?utm_source=ig_web_copy_link&igsh=MzRlODBiNWFlZA== ,818,927,,"30,6","16,6","14,2","7,2","9,3","9,7","7,4",5,"68,6","31,4",-,Humanização,-,Remete a autenticidade quando fala de sua profissão narra rapidamente parte de sua história,Vídeo
231,14,2023-09-27,https://www.instagram.com/p/CxsyKMHrNUv/?utm_source=ig_web_copy_link&igsh=MzRlODBiNWFlZA== ,133,147,,"35,3","19,9",15,"6,1","10,7","4,6","4,6","3,8","76,3","23,7",-,Autenticidade ,@claudia_shein,Ex-chefa de gover no do Méximo,Fotos
232,15,2023-09-27,https://www.instagram.com/p/CxtGhc6LBKI/?utm_source=ig_web_copy_link&igsh=MzRlODBiNWFlZA== ,74,90,,"33,6","18,1","15,5",6,"10,3","8,6","4,7",3,"73,2","26,6",-,Autoridade ,-,Pautas sobre educação,Fotos
233,16,2023-09-27,https://www.instagram.com/p/CxtMjADvVtI/?utm_source=ig_web_copy_link&igsh=MzRlODBiNWFlZA== ,68,81,,"29,4","15,1",14,"6,5","12,2","10,4","7,9","4,7",65,"35,2",-,Autoridade ,-,Promessas de campanha,Imagens
234,17,2023-09-27,https://www.instagram.com/reel/CxtkrCxLbmk/?utm_source=ig_web_copy_link&igsh=MzRlODBiNWFlZA== ,495,669,,"25,9","15,1",15,"6,1","12,6","10,8","9,2","5,4","62,1",38,-,Autoridade ,-,Entrevista ,Vídeo institucional
235,18,2023-09-27,https://www.instagram.com/p/CxtySktr8DQ/?utm_source=ig_web_copy_link&igsh=MzRlODBiNWFlZA== ,74,89,,"35,2","21,5","15,3","6,9","6,5","6,9","5,7","1,9","78,9",21,-,Autoridade ,-,Debate sobre sistema de saúde,Fotos institucional
236,19,2023-09-28,https://www.instagram.com/reel/CxvXy5POPa2/?utm_source=ig_web_copy_link&igsh=MzRlODBiNWFlZA== ,86,94,,"33,9","16,9","14,4","6,1","10,5","11,5","3,5","3,2","71,3","28,7",-,Autoridade ,-,Debate sobre sistema de saúde,Vídeo institucional
237,20,2023-09-28,https://www.instagram.com/reel/Cxv0sI4Rs75/?utm_source=ig_web_copy_link&igsh=MzRlODBiNWFlZA== ,121,135,,"31,7","17,8",17,"7,9","7,9","9,1","6,8","1,7","74,4","25,5",-,Autoridade ,-,Pautas sobre educação,Vídeo institucional
238,21,2023-09-29,https://www.instagram.com/reel/Cxx97UoLqIT/?utm_source=ig_web_copy_link&igsh=MzRlODBiNWFlZA== ,258,341,,"29,9","12,8","13,4","5,6","12,2","10,6","10,6","4,8","61,7","38,2",-,Autoridade ,-,pautas de segurança,Vídeo institucional
239,22,2023-09-29,https://www.instagram.com/p/CxyIm_Orrd5/?utm_source=ig_web_copy_link&igsh=MzRlODBiNWFlZA== ,156,184,,"36,1","18,7","14,3","5,9","10,5","6,1","6,3","2,1",75,25,-,Autoridade ,-,Reunião ,Fotos
240,23,2023-09-29,https://www.instagram.com/reel/CxyWvoVPmc4/?utm_source=ig_web_copy_link&igsh=MzRlODBiNWFlZA== ,145,213,,"30,4","14,7","10,2","3,4","11,9","10,2","10,9","8,2","58,7","41,2",-,Autoridade,-,Apresentação de promessas,Vídeo institucional
241,24,2023-09-29,https://www.instagram.com/reel/CxydCS9PkJC/?utm_source=ig_web_copy_link&igsh=MzRlODBiNWFlZA== ,170,235,,"20,9","11,5","14,5","7,7","13,5","14,8","11,7","5,4","54,6","45,4",-,Autoridade ,-,Apresentação de promessas,Vídeo institucional
242,25,2023-09-29,https://www.instagram.com/reel/Cxyj5y1v8aA/?utm_source=ig_web_copy_link&igsh=MzRlODBiNWFlZA== ,224,321,,"28,9","11,3","8,8","6,7","11,3","13,4","12,1","7,5","55,7","44,3",-,Autoridade ,-,recuperação da qualidade de vida,Vídeo institucional
243,26,2023-09-29,https://www.instagram.com/reel/CxyqsoTLwzT/?utm_source=ig_web_copy_link&igsh=MzRlODBiNWFlZA== ,887,1272,,"29,2","14,5","13,2","5,9",13,"10,2","7,9",6,"62,8","37,1",-,Autenticidade,-,humanização-diversidade,Vídeo institucional
244,27,2023-09-29,https://www.instagram.com/reel/Cxy1BEMrVEp/?utm_source=ig_web_copy_link&igsh=MzRlODBiNWFlZA== ,262,359,,"25,9","13,7","14,6","8,5","11,2","10,2","10,2","5,6","62,7","37,2",-,Autenticidade ,-,Afirma ter competência ,Vídeo institucional
245,28,2023-09-29,https://www.instagram.com/reel/Cxy_Z-gL5uv/?utm_source=ig_web_copy_link&igsh=MzRlODBiNWFlZA== ,104,125,,"37,8","15,8","12,2",5,"13,7",5,"5,8","4,7","70,8","29,2",-,Humanização,-,Atentado contra Luisa,Vídeo
246,29,2023-09-30,https://www.instagram.com/reel/Cx0YiklLeGT/?utm_source=ig_web_copy_link&igsh=MzRlODBiNWFlZA== ,49,76,,"35,9","19,7","17,9","9,4","5,1","6,8","5,1",0,"82,9",17,-,Autoridade ,-,Apoio dos jovens,Vídeo institucional
247,30,2023-09-30,https://www.instagram.com/reel/Cx0tQ9GL94Y/?utm_source=ig_web_copy_link&igsh=MzRlODBiNWFlZA== ,360,475,,"29,1","15,2","12,7",7,"10,7","10,2","8,9","6,3",64,"36,1",-,Autoridade,-,Voltaremos a caminhar seguros,Vídeo institucional
248,31,2023-10-01,https://www.instagram.com/reel/Cx30TddLi52/?utm_source=ig_web_copy_link&igsh=MzRlODBiNWFlZA== ,431,611,,29,"16,3","13,9","5,1","11,4","10,9","8,2","5,2","64,3","35,7",-,Humanização,-,Elementos típicos/diversidade,Vídeo institucional
249,32,2023-10-01,https://www.instagram.com/reel/Cx4GP5cLGD2/?utm_source=ig_web_copy_link&igsh=MzRlODBiNWFlZA== ,1121,1356,,"36,6","14,2","10,8","4,6","9,8","10,5","8,2","5,3","66,2","33,8",-,Autenticidade,-,Promessas dolarização,Debate/vídeo institucinal
250,33,2023-10-01,https://www.instagram.com/reel/Cx4IPVQr4WH/?utm_source=ig_web_copy_link&igsh=MzRlODBiNWFlZA== ,95,114,,"35,7","12,6","8,4","2,1","13,3","11,9","10,5","5,6","58,8","41,3",-,Autenticidade,-,Promessas segurança,Debate/vídeo institucinal
251,34,2023-10-01,https://www.instagram.com/reel/Cx4JLp0Leu7/?utm_source=ig_web_copy_link&igsh=MzRlODBiNWFlZA== ,1318,1673,,21,"8,6","10,4","6,1","13,8","15,9","13,5","10,7","46,1","53,9",-,Autenticidade,-,Indiretas ao Noboa,Debate/vídeo institucinal
252,35,2023-10-01,https://www.instagram.com/p/Cx4KR5VrMMo/?utm_source=ig_web_copy_link&igsh=MzRlODBiNWFlZA== ,62,83,,"28,1","11,5","10,1","7,9","9,4","17,3","10,1","5,8","57,6","42,6",-,Autenticidade,-,Experiência e conhecimento,Imagem
253,36,2023-10-01,https://www.instagram.com/reel/Cx4K3b5rRdL/?utm_source=ig_web_copy_link&igsh=MzRlODBiNWFlZA== ,59,78,,"52,9","5,9","10,3","2,9","8,8","8,8","8,8","1,5",72,"27,9",-,Autenticidade ,-,Experiência para lidar com mineiros,Debate/vídeo institucinal
254,37,2023-10-01,https://www.instagram.com/p/Cx4LH0hL8T3/?utm_source=ig_web_copy_link&igsh=MzRlODBiNWFlZA== ,21,33,,"48,1","18,5","18,5",0,"7,4","7,4",0,0,"85,1","14,8",-,Autenticidade,-,Experiência para lidar com mineiros,Imagem
255,38,2023-10-01,https://www.instagram.com/reel/Cx4MoPYrbYF/?utm_source=ig_web_copy_link&igsh=MzRlODBiNWFlZA== ,121,142,,"21,8",9,"10,4","6,2",17,17,"10,8","7,8","47,4","52,6",-,Autoridade,-,Pautas de saude,Debate/vídeo institucinal
256,39,2023-10-01,https://www.instagram.com/p/Cx4NGYzLVEU/?utm_source=ig_web_copy_link&igsh=MzRlODBiNWFlZA== ,33,50,,"43,6","18,2","12,7","7,3","12,7","1,8","3,6",0,"81,8","18,1",-,Autoridade ,-,Sistema de saúde,Imagem
257,40,2023-10-01,https://www.instagram.com/reel/Cx4NqAVLI3w/?utm_source=ig_web_copy_link&igsh=MzRlODBiNWFlZA== ,185,235,,"35,8","11,8","11,4","6,6",14,"8,9","7,4","4,1","65,6","34,4",-,Autoridade,-,Educação de qualidade,Debate/vídeo institucinal
258,41,2023-10-01,https://www.instagram.com/p/Cx4ORAoraCA/?utm_source=ig_web_copy_link&igsh=MzRlODBiNWFlZA== ,146,171,,"35,7",15,15,"6,3",8,"10,8","6,6","2,4",72,"27,8",-,Autoridade ,-,Devolveremos a educação de qualidade,Imagem
259,42,2023-10-01,https://www.instagram.com/reel/Cx4O6B-L2ui/?utm_source=ig_web_copy_link&igsh=MzRlODBiNWFlZA== ,1450,1954,,"25,1","13,4","11,3","5,8","11,1","12,6","13,5","7,2","55,6","44,4",-,Humanização,-,Emprego,Debate/vídeo institucinal
260,43,2023-10-01,https://www.instagram.com/p/Cx4PsWxrx-5/?utm_source=ig_web_copy_link&igsh=MzRlODBiNWFlZA== ,85,121,,"26,3","14,6","8,5","3,3","11,3","18,3","9,9",8,"52,7","47,5",-,Autoridade,-,Segurança social,Imagem
261,44,2023-10-01,https://www.instagram.com/reel/Cx4Qi0qLzy2/?utm_source=ig_web_copy_link&igsh=MzRlODBiNWFlZA== ,48,65,,"40,6","15,1","11,3","2,8","12,3","10,4","7,5",0,"69,8","30,2",-,Autoridade,-,Emprego,Vídeo/institucional
262,45,2023-10-01,https://www.instagram.com/p/Cx4QyvCLMrb/?utm_source=ig_web_copy_link&igsh=MzRlODBiNWFlZA== ,118,148,,"26,8","11,5","12,9","4,9","13,4","14,1","9,9","6,4","56,1","43,8",-,Autoridade,-,Criar condições dignas para migrantes,Imagem
263,46,2023-10-01,https://www.instagram.com/reel/Cx4RhO-rMLE/?utm_source=ig_web_copy_link&igsh=MzRlODBiNWFlZA== ,41,54,,43,"16,5","10,1","5,1","6,3","12,7","2,5","3,8","74,7","25,3",-,Autenticidade,-,Recompor o Equador,Debate/vídeo institucinal
264,47,2023-10-01,https://www.instagram.com/reel/Cx4ScOXLh-N/?utm_source=ig_web_copy_link&igsh=MzRlODBiNWFlZA== ,43,56,,"37,1","17,7","16,1","6,5","6,5","8,1","6,5","1,6","77,4","22,7",-,Autenticidade ,-,Respeito a democracia,Debate/vídeo institucinal
265,48,2023-10-01,https://www.instagram.com/reel/Cx4TJo4LlGZ/?utm_source=ig_web_copy_link&igsh=MzRlODBiNWFlZA== ,722,919,,"27,1","12,8","11,6","5,2","12,2","14,5","8,9","7,6","56,7","43,2",-,Autenticidade,-,Serie uma líder,Debate/vídeo institucinal
266,49,2023-10-01,https://www.instagram.com/p/Cx4TU9prUda/?utm_source=ig_web_copy_link&igsh=MzRlODBiNWFlZA== ,69,113,,34,17,"10,2","2,7","12,2","10,2","10,2","3,4","63,9",36,-,Autenticidade,-,Discurso para as mulheres,Imagem
267,50,2023-10-02,https://www.instagram.com/reel/Cx4ZK7ALLzE/?utm_source=ig_web_copy_link&igsh=MzRlODBiNWFlZA== ,305,382,,"30,7","15,8","11,6","6,3","11,1","10,3","8,5","5,6","64,4","35,5",-,Autenticidade ,-,Superar a polarização política,Vídeo institucional
268,51,2023-10-02,https://www.instagram.com/p/Cx5uhzVr6Sx/?utm_source=ig_web_copy_link&igsh=MzRlODBiNWFlZA== ,42,56,,"33,3",19,"13,8","7,5","9,2","11,5",4,"1,7","73,6","26,4",-,Autoridade ,-,Desenvolvimento do país,Imagem
269,52,2023-10-02,https://www.instagram.com/reel/Cx5woFSLp0N/?utm_source=ig_web_copy_link&igsh=MzRlODBiNWFlZA== ,231,261,,"37,8","18,4","13,6","5,5",9,"8,3",5,"2,4","75,3","24,7",-,Autenticidade,-,Fortalecer a dolarização,Vídeo institucional
270,53,2023-10-02,https://www.instagram.com/p/Cx6EebkPCfH/?utm_source=ig_web_copy_link&igsh=MzRlODBiNWFlZA== ,36,49,,"30,2","11,5","9,4","7,2","12,2","14,4","11,5","3,6","58,3","41,7",-,Autenticidade ,-,Retomar o controle do país,Imagem
271,54,2023-10-02,https://www.instagram.com/reel/Cx6LRpFvzOO/?utm_source=ig_web_copy_link ,1699,2157,,"32,1","18,6",13,"5,5","8,9","10,1",7,"4,7","69,2","30,7",-,Humanização,-,"Autenticidade, demonstra confiança",Vídeo-trend
272,55,2023-10-02,https://www.instagram.com/p/Cx6ZOOIx-DZ/?utm_source=ig_web_copy_link&igsh=MzRlODBiNWFlZA== ,46,55,,"37,3",11,"9,3","5,1","12,7","11,9","9,3","3,4","62,7","37,3",-,Autoridade ,-,Medidas de segurança,Imagem
273,56,2023-10-02,https://www.instagram.com/p/Cx6nCs5OaJ7/?utm_source=ig_web_copy_link&igsh=MzRlODBiNWFlZA== ,45,54,,"40,6",16,"14,2","3,8","10,4","11,3","1,9","1,9","74,6","25,5",-,Autenticidade,-,Confiança,Imagem
274,57,2023-10-02,https://www.instagram.com/p/Cx6xnhVrO-i/?utm_source=ig_web_copy_link&igsh=MzRlODBiNWFlZA== ,65,77,,"33,1","15,3","12,3","6,1","9,2","15,3","4,3","4,3","66,8","33,1",-,Autenticidade,-,Encontro com enfermeiras,Fotos
275,58,2023-10-03,https://www.instagram.com/p/Cx8G199L2xu/?utm_source=ig_web_copy_link&igsh=MzRlODBiNWFlZA== ,563,596,,31,"24,5","16,2","5,6","8,5","7,8","3,8","2,5","77,3","22,6",HIST,Autenticidade,-,História para humanizar e gerar confiança (experincia há muitos anos lutando) (foto do seu filho bebe),Foto
276,59,2023-10-03,https://www.instagram.com/reel/Cx8UaIBri3t/?utm_source=ig_web_copy_link&igsh=MzRlODBiNWFlZA== ,1272,1561,,27,"14,1","12,6","7,1","10,7","11,9","9,8","6,8","60,8","39,2",-,Autoridade,-,Políticas publicas aos médicos,Vídeo institucional
277,60,2023-10-03,https://www.instagram.com/p/Cx8evMVM7_r/?utm_source=ig_web_copy_link&igsh=MzRlODBiNWFlZA== ,64,78,,"30,9",18,"19,1","5,6","11,8","6,7","3,9","3,9","73,6","26,3",-,Autenticidade ,-,Luisa com apoiadores,Fotos
278,61,2023-10-03,https://www.instagram.com/reel/Cx8w2MDvX4K/?utm_source=ig_web_copy_link&igsh=MzRlODBiNWFlZA== ,997,1241,,"25,6","12,5","13,2","7,1","11,1",11,"11,3","8,2","58,4","41,6",-,Autoridade ,-,Políticas publicas aos professores,Vídeo institucional
279,62,2023-10-03,https://www.instagram.com/reel/Cx88Y3qvndZ/?utm_source=ig_web_copy_link&igsh=MzRlODBiNWFlZA== ,92,115,,"35,9","16,5","15,8","6,6","10,3","9,2","4,8","1,1","74,8","25,4",-,Autoridade ,-,Conversa na universidade,Vídeo institucional
280,63,2023-10-03,https://www.instagram.com/p/Cx89a2erv0L/?utm_source=ig_web_copy_link&igsh=MzRlODBiNWFlZA== ,46,78,,"37,2","19,5","16,8",8,8,"5,3","1,8","3,5","81,5","18,6",-,Autoridade,-,Apoio dos eleitores,Foto
281,64,2023-10-03,https://www.instagram.com/reel/Cx9bmpANMB4/?utm_source=ig_web_copy_link&igsh=MzRlODBiNWFlZA== ,354,465,,"37,5","17,9","12,3","5,6","8,5",8,"5,3",5,"73,3","26,8",-,Autenticidade,@marcelaguinagav e @revolucionciudadana5oficial,"Conversa sobre competencias de Luisa (humaniza, conversa no carro)",Vídeo
282,65,2023-10-04,https://www.instagram.com/p/Cx-sUKNr0tc/?utm_source=ig_web_copy_link&igsh=MzRlODBiNWFlZA== ,262,295,,"36,7","24,1","15,8","6,7","7,7","3,5","2,9","2,6","83,3","16,7",-,Humanização,-,Tomando café da manhã,Fotos
283,66,2023-10-04,https://www.instagram.com/reel/Cx-2rP4LYmG/?utm_source=ig_web_copy_link&igsh=MzRlODBiNWFlZA== ,49,73,,38,"21,5","15,3","3,1","7,4","6,7","7,4","0,6","77,9","22,1",-,Autenticidade,-,Governo irá dialogar com todos os setores,Vídeo institucional
284,67,2023-10-04,https://www.instagram.com/reel/Cx_AT15rBnv/?utm_source=ig_web_copy_link&igsh=MzRlODBiNWFlZA== ,181,215,,"36,4","18,9","11,7","4,4",9,"9,2","5,8","4,6","71,4","28,6",-,Autenticidade,-,Humaniza pq o vídeo é pouco menos profissional),Vídeo
285,68,2023-10-04,https://www.instagram.com/reel/Cx_cAy6PLvs/?utm_source=ig_web_copy_link&igsh=MzRlODBiNWFlZA== ,430,585,,"26,4","12,6","12,9","5,5","13,2","12,8","11,3","5,3","57,4","42,6",-,Autoridade,-,Gerar identificação com as mulheres,Vídeo institucional
286,69,2023-10-04,https://www.instagram.com/p/Cx_ibRrL1T4/?utm_source=ig_web_copy_link&igsh=MzRlODBiNWFlZA== ,82,98,,"36,7","20,8","15,8","7,2","8,1","5,9","4,1","1,4","80,5","19,5",-,-,-,Horário de pronunciamento,Imagem
287,70,2023-10-04,https://www.instagram.com/reel/Cx_3Q_Or17L/?utm_source=ig_web_copy_link&igsh=MzRlODBiNWFlZA== ,2486,3465,,"25,4","12,5","11,6","5,6",14,"12,2","11,3","7,5","55,1",45,-,Autenticidade,-,Diversidade ASSOCIAÇÕES SOCIAIS,Vídeo institucional
288,71,2023-10-05,https://www.instagram.com/reel/CyBSAiXLbCy/?utm_source=ig_web_copy_link&igsh=MzRlODBiNWFlZA== ,146,173,,"32,4","14,8","12,8","4,5","12,6","10,6","9,4","2,9","64,5","35,5",-,Autoridade,-,Faz promessas enquanto humaniza,Vídeo
289,72,2023-10-05,https://www.instagram.com/reel/CyBcK7_rfqW/?utm_source=ig_web_copy_link&igsh=MzRlODBiNWFlZA== ,70,92,,"32,3","22,2","17,9","6,5","5,7","7,5","6,1","1,8","78,9","21,1",-,Autoridade,-,Fortalecer a educação (apoio/obseram dos/os eleitores),Vídeo
290,73,2023-10-05,https://www.instagram.com/reel/CyCBJvyv6bA/?utm_source=ig_web_copy_link&igsh=MzRlODBiNWFlZA== ,53,67,,"35,4",18,"16,1","5,6","13,7","6,2","4,3","0,6","75,1","24,8",-,Humanização,-,Discurso para diversidade e para as mulheres,Vídeo institucional
291,74,2023-10-05,https://www.instagram.com/reel/CyCOWSJrHXx/?utm_source=ig_web_copy_link&igsh=MzRlODBiNWFlZA== ,146,178,,"36,9","17,7","12,8",5,"7,8","9,9","7,3","2,6","72,4","27,6",-,Autenticidade,-,Candidata convida Noboa para um debate na internet (apoio dos jovens),Vídeo institucional
292,75,2023-10-06,https://www.instagram.com/reel/CyD6YgoLv5c/?utm_source=ig_web_copy_link&igsh=MzRlODBiNWFlZA== ,64,79,,"38,1","20,2","15,6","9,2",6,"5,5","3,2","2,3","83,1",17,-,Autenticidade,-,Eleitores apoiam Luisa (Imagens de Correa com os eleitores),Vídeo
293,76,2023-10-06,https://www.instagram.com/reel/CyEKSXMrj6e/?utm_source=ig_web_copy_link&igsh=MzRlODBiNWFlZA== ,96,116,,"33,8","17,4","15,4","5,5","10,6","6,8","6,1","4,4","72,1","27,9",-,Autoridade,-,Promessas para a educação (apoio dos eleitores),Vídeo institucional
294,77,2023-10-06,https://www.instagram.com/reel/CyER0wtryXY/?utm_source=ig_web_copy_link&igsh=MzRlODBiNWFlZA== ,393,455,,"35,9",18,"14,1","4,8","10,7",8,"4,2","4,3","72,8","27,2",-,Humanização,-,Resposta se usa lentes inteligentes (autenticidade),Vídeo
295,78,2023-10-06,https://www.instagram.com/reel/CyEm1iIPZL-/?utm_source=ig_web_copy_link&igsh=MzRlODBiNWFlZA== ,286,383,,"23,4","13,1","16,1","6,8","10,1","11,2",12,"7,4","59,4","40,7",-,Autoridade,-,Políticas publicas para pescadores,Vídeo institucional
296,79,2023-10-06,https://www.instagram.com/reel/CyEsVSJLrxO/?utm_source=ig_web_copy_link&igsh=MzRlODBiNWFlZA== ,201,268,,"22,9","14,4","13,6","6,7","13,4","12,4","9,5","7,1","57,6","42,4",-,Autoridade,-,Políticas publicas para geração de empregos,Vídeo institucional
297,80,2023-10-06,https://www.instagram.com/reel/CyE1XjVLF-9/?utm_source=ig_web_copy_link&igsh=MzRlODBiNWFlZA== ,628,729,,"28,4","16,6","13,5","6,8",10,"11,8","6,8","6,2","65,3","34,8",-,Autoridade,-,"Humaniza a questão das mulheres que não podem estudra por não ter com quem deixar seus filhos, mas faz promessas",Vídeo
298,81,2023-10-06,https://www.instagram.com/reel/CyFHOnPL2mt/?utm_source=ig_web_copy_link&igsh=MzRlODBiNWFlZA== ,358,433,,29,"13,7","11,4","4,9","15,3","10,2","9,8","5,7",59,41,-,Autenticidade,-,Comunicado sobre a morte dos assassinos de Villavicencio,Vídeo institucional
299,82,2023-10-07,https://www.instagram.com/reel/CyGuKLfLweW/?utm_source=ig_web_copy_link&igsh=MzRlODBiNWFlZA== ,341,435,,"24,2","13,8","12,2","7,5","11,1","12,6","10,8","7,9","57,7","42,4",-,Autoridade,-,Falando de forma humanizada com jovens sobre promessas ,Vídeo institucional
300,83,2023-10-07,https://www.instagram.com/reel/CyG7FK0L_VE/?utm_source=ig_web_copy_link&igsh=MzRlODBiNWFlZA== ,69,88,,"38,8","14,7","12,9","8,2","8,6","6,9","6,5","3,4","74,6","25,4",-,Autoridade,-,RC é uma equipe grande (que ela tem aderência),Vídeo institucional
301,84,2023-10-07,https://www.instagram.com/p/CyHKUoHvpek/?utm_source=ig_web_copy_link&igsh=MzRlODBiNWFlZA== ,37,52,,"33,1","13,4","17,8","8,9",14,"5,7","3,8","3,2","73,2","26,7",-,Autenticidade,-,Promessas e apoio dos eleitores,Fotos
302,85,2023-10-07,https://www.instagram.com/reel/CyHROXOLJJX/?utm_source=ig_web_copy_link&igsh=MzRlODBiNWFlZA== ,30,49,,"31,9","18,1","20,2","10,6","2,1","8,5","8,5",0,"80,8","19,1",-,Autoridade,-,Falando de forma humanizada com jovens sobre promessas ,Vídeo institucional
303,86,2023-10-07,https://www.instagram.com/reel/CyHXuLMrAym/?utm_source=ig_web_copy_link&igsh=MzRlODBiNWFlZA== ,50,72,,"51,3","9,2","13,2","2,6","9,2","5,3","3,9","5,3","76,3","23,7",-,Autenticidade,-,Candidata demonstra ter experiência,Vídeo institucional
304,87,2023-10-07,https://www.instagram.com/reel/CyHawi-LO-b/?utm_source=ig_web_copy_link&igsh=MzRlODBiNWFlZA== ,322,346,,"30,7","10,6","12,4","5,8","13,3",12,"9,8","5,4","59,5","40,5",-,Autenticidade,@pabelml,Confiança em luisa para cumprir promessas,Vídeo
305,88,2023-10-07,https://www.instagram.com/p/CyHk8dML2KC/?utm_source=ig_web_copy_link&igsh=MzRlODBiNWFlZA== ,80,113,,"35,5","19,5",16,"7,1","5,3","10,7","2,4","3,6","78,1",22,-,Autenticidade,-,Equipe experiente para governar,Fotos
306,89,2023-10-08,https://www.instagram.com/reel/CyI75f1rNxV/?utm_source=ig_web_copy_link&igsh=MzRlODBiNWFlZA== ,27,41,,"31,3","19,1","19,1",13,"6,9","4,6","5,3","0,8","82,5","17,6",-,Autenticidade,-,Apoio os eleitores,Vídeo
307,90,2023-10-08,https://www.instagram.com/reel/CyI_nkuL9Tz/?utm_source=ig_web_copy_link&igsh=MzRlODBiNWFlZA== ,211,244,,"31,4","19,6","13,6","7,5",9,"9,5",6,"3,3","72,1","27,8",-,Humanização,-,Brincando com filhotes,Vídeo
308,91,2023-10-08,https://www.instagram.com/reel/CyJTan2rzcG/?utm_source=ig_web_copy_link&igsh=MzRlODBiNWFlZA== ,608,801,,"21,8","12,3","11,9","5,3","11,8","14,6","13,5","8,7","51,3","48,6",-,Autoridade,-,Promessa ao setor de transportes,Vídeo institucional
309,92,2023-10-08,https://www.instagram.com/p/CyJth7GPfej/?utm_source=ig_web_copy_link&igsh=MzRlODBiNWFlZA== ,113,138,,"36,1","18,2","15,3","4,7",8,"8,8","6,2","2,6","74,3","25,6",-,Autenticidade,-,Apoio dos eleitores,Fotos
310,93,2023-10-08,https://www.instagram.com/reel/CyJ1dAJLk_T/?utm_source=ig_web_copy_link&igsh=MzRlODBiNWFlZA== ,5186,6215,,"23,1","14,8","12,1","5,1","13,9","12,8","10,7","7,5","55,1","44,9",-,Humanização,-,Meme sugreindo que a candidata ganhou a eleição,Vídeo
311,94,2023-10-08,https://www.instagram.com/reel/CyKDzHYrlev/?utm_source=ig_web_copy_link&igsh=MzRlODBiNWFlZA== ,69,89,,"50,5","15,2","12,4","7,6","3,8","4,8","3,8","1,9","85,7","14,3",HIST,Humanização,-,História para humanizar,Vídeo
312,95,2023-10-08,https://www.instagram.com/reel/CyKKe_rL6HN/?utm_source=ig_web_copy_link&igsh=MzRlODBiNWFlZA== ,49,77,,"31,5","10,8","14,4","6,3",9,"7,2","13,5","7,2",63,"36,9",-,Autoridade,-,Conversa com jovens,Vídeo institucional
313,96,2023-10-09,https://www.instagram.com/reel/CyLqqOiL0BI/?utm_source=ig_web_copy_link&igsh=MzRlODBiNWFlZA== ,65,81,,"41,2","18,1",13,"6,2","7,3","6,8","4,5","2,8","78,5","21,4",-,Autenticidade,-,Apoio dos eleitores,Vídeo institucional
314,97,2023-10-09,https://www.instagram.com/reel/CyL4ZheLqyZ/?utm_source=ig_web_copy_link&igsh=MzRlODBiNWFlZA== ,36,60,,33,"21,6","12,4","6,2","7,2","11,3","5,2","3,1","73,2","26,8",-,Autenticidade,-,Reunião com reitores de universidades,Vídeo institucional
315,98,2023-10-09,https://www.instagram.com/reel/CyMF-CcPJwX/?utm_source=ig_web_copy_link&igsh=MzRlODBiNWFlZA== ,59,88,,"37,2","17,4","15,7","5,8","13,2","7,4","2,5","0,8","76,1","23,9",-,Autenticidade,-,Apoio dos eleitores,Vídeo institucional
316,99,2023-10-09,https://www.instagram.com/reel/CyMUHFNvaaa/?utm_source=ig_web_copy_link&igsh=MzRlODBiNWFlZA== ,926,1182,,"24,6","11,9","14,5","5,5","13,1","15,3","8,9","6,2","56,5","43,5",-,Autoridade,-,Promessas para os jovens,Vídeo institucional
317,100,2023-10-09,https://www.instagram.com/p/CyMoaQBr3Wx/?utm_source=ig_web_copy_link&igsh=MzRlODBiNWFlZA== ,74,100,,"34,7","16,3","14,3","9,5","9,5","4,8","6,8","4,1","74,8","25,2",-,Autenticidade,-,Pauta afro-descendente ,Fotos
318,101,2023-10-10,https://www.instagram.com/p/CyNCR6WNtud/?utm_source=ig_web_copy_link&igsh=MzRlODBiNWFlZA== ,176,207,,"40,8","20,1","12,9","4,8","6,1","6,5","4,8","4,1","78,6","21,5",-,Autenticidade,Vice,Profundo compromisso,Fotos
319,102,2023-10-10,https://www.instagram.com/reel/CyOGrwnL3qQ/?utm_source=ig_web_copy_link&igsh=MzRlODBiNWFlZA== ,275,316,,"29,7",14,"12,9","5,7","13,3","9,6","9,6","5,2","62,3","37,7",-,Autenticidade,-,não podemos deixar que o odio e medo vençam,Vídeo
320,103,2023-10-10,https://www.instagram.com/reel/CyOSx32L3Lf/?utm_source=ig_web_copy_link&igsh=MzRlODBiNWFlZA== ,124,169,,"24,1","11,9","11,6","3,8","19,1","11,6",9,9,"51,4","48,7",-,Autoridade,-,promessas para a saúde mental,Vídeo institucional
321,104,2023-10-10,https://www.instagram.com/p/CyOcr68rZhI/?utm_source=ig_web_copy_link&igsh=MzRlODBiNWFlZA== ,135,170,,"33,9","18,5","12,5","5,9","9,6","9,6","5,9","4,1","70,8","29,2",-,Autenticidade,Vice,Temos uma grande equipe,Fotos
322,105,2023-10-10,https://www.instagram.com/reel/CyOrck5vT7f/?utm_source=ig_web_copy_link&igsh=MzRlODBiNWFlZA== ,52,72,,"46,5","17,8","14,9",3,"6,9","5,9",1,4,"82,2","17,8",-,Autenticidade,-,Diversidade,Vídeo
323,106,2023-10-10,https://www.instagram.com/reel/CyOyVW2vicK/?utm_source=ig_web_copy_link&igsh=MzRlODBiNWFlZA== ,60,80,,"40,2","19,5","14,9","4,6","9,2","5,7","3,4","2,3","79,2","20,6",-,Autenticidade,-,Experiência e melhor equipe,Vídeo
324,107,2023-10-10,https://www.instagram.com/reel/CyO0zAmv11v/?utm_source=ig_web_copy_link&igsh=MzRlODBiNWFlZA== ,1305,1567,,"24,9","14,2","11,1","5,8","12,5","13,7","9,7","8,2",56,"44,1",-,Humanização,-,Seus cachorros,Vídeo
325,108,2023-10-10,https://www.instagram.com/reel/CyO4lflv9QY/?utm_source=ig_web_copy_link&igsh=MzRlODBiNWFlZA== ,62,74,,"32,5","17,5","17,5","9,7","9,7","5,8","4,5","2,6","77,2","22,6",-,Autenticidade,-,Humanização/diversidade para gerar confiança,Vídeo institucional
326,109,2023-10-10,https://www.instagram.com/reel/CyPC2OSrtty/?utm_source=ig_web_copy_link&igsh=MzRlODBiNWFlZA== ,177,202,,"29,7",14,"12,9","5,7","13,3","9,6","9,6","5,2","62,3","37,7",-,Autenticidade,-,Humanização/diversidade para gerar confiança,Vídeo institucional
327,110,2023-10-10,https://www.instagram.com/p/CyPKNFqLasA/?utm_source=ig_web_copy_link&igsh=MzRlODBiNWFlZA== ,37,66,,"35,4","19,7","16,3","6,8","5,4","7,5","5,4","3,4","78,2","21,7",-,Autenticidade,-,Tempos de união,Imagem
328,111,2023-10-10,https://www.instagram.com/reel/CyPS5eGr5iE/?utm_source=ig_web_copy_link&igsh=MzRlODBiNWFlZA== ,387,449,,"31,6","18,5","15,5","6,3","8,8","9,2","5,8","4,2","71,9",28,-,Humanização,-,Leitura de uma carta recebida por mâes,Vídeo
329,112,2023-10-10,https://www.instagram.com/reel/CyPVxd9Ljz7/?utm_source=ig_web_copy_link&igsh=MzRlODBiNWFlZA== ,928,1278,,"27,8","13,9","13,1","5,2",12,"11,3","10,7",6,60,40,-,Humanização,-,História para gerar autenticidade,Vídeo institucional
330,113,2023-10-11,https://www.instagram.com/reel/CyQtsJ9LU8A/?utm_source=ig_web_copy_link&igsh=MzRlODBiNWFlZA== ,140,182,,"35,2",16,"12,7","3,6","11,7","7,5","8,1","5,1","67,5","32,4",-,Autenticidade,-,Equipe experiente para governar,Vídeo institucional
331,114,2023-10-11,https://www.instagram.com/reel/CyQ1LvqrsED/?utm_source=ig_web_copy_link&igsh=MzRlODBiNWFlZA== ,41,64,,"37,4","17,4","16,5","3,5","8,7","4,3",7,"5,2","74,8","25,2",-,Autenticidade,-,Reunião,Vídeo institucional
332,115,2023-10-11,https://www.instagram.com/reel/CyRZ6nRPq55/?utm_source=ig_web_copy_link&igsh=MzRlODBiNWFlZA== ,820,1096,,34,"15,4","14,8","5,2","10,9","8,7","6,5","4,4","69,4","30,5",-,Autenticidade,-,Feminismo,Vídeo institucional
333,116,2023-10-11,https://www.instagram.com/reel/CyRfKzRvzR3/?utm_source=ig_web_copy_link&igsh=MzRlODBiNWFlZA== ,59,76,,38,"20,2","12,4","3,9","9,3","7,8","4,7","3,9","74,5","25,7",HIST,Autenticidade,-,História para humanizar e gerar confiança,Vídeo institucional
334,117,2023-10-11,https://www.instagram.com/reel/CyRj918rXUm/?utm_source=ig_web_copy_link&igsh=MzRlODBiNWFlZA== ,73,87,,"38,9","19,8","19,2",9,"6,6","3,6","2,4","0,6","86,9","13,2",-,Autenticidade,-,"Apoio do povo, divesridade e elementos etnicos ",Vídeo institucional
335,118,2023-10-11,https://www.instagram.com/reel/CyRrFyYLGWE/?utm_source=ig_web_copy_link&igsh=MzRlODBiNWFlZA== ,42,58,,"38,5",20,"13,8","7,7","13,8","3,1","1,5","1,5",80,"19,9",-,Autenticidade,-,"Apoio do povo, divesridade e elementos etnicos ",Vídeo institucional
336,119,2023-10-11,https://www.instagram.com/reel/CyRx0lurHux/?utm_source=ig_web_copy_link&igsh=MzRlODBiNWFlZA== ,24,41,,"30,4","12,5","14,3","5,4","14,3","7,1","12,5","3,6","62,6","37,5",-,Autenticidade,-,"Apoio do povo, divesridade e elementos etnicos ",Vídeo institucional
337,120,2023-10-11,https://www.instagram.com/tv/CyR5bPbidYY/?utm_source=ig_web_copy_link&igsh=MzRlODBiNWFlZA== ,124,139,,"31,5","19,1","17,5",7,"10,5","6,7","5,1","2,7","75,1",25,-,Autenticidade,-,Expressa confiança,Vídeo institucional
338,121,2023-10-11,https://www.instagram.com/p/CyR_37xLM3h/?utm_source=ig_web_copy_link&igsh=MzRlODBiNWFlZA== ,40,56,,"35,7","20,5","16,1","0,9","11,6","3,6","7,1","4,5","73,2","26,8",-,Autenticidade,-,É tempo de mulheres,Imagem
339,122,2023-10-12,https://www.instagram.com/p/CySKfNvtpcE/?utm_source=ig_web_copy_link&igsh=MzRlODBiNWFlZA== ,72,99,,"41,1","17,8","15,5","5,4",7,"6,2","5,4","1,6","79,8","20,2",-,Autenticidade,-,Confiança e apoio dos eleitores,Fotos
340,123,2023-10-12,https://www.instagram.com/reel/CyTOMkdrGVo/?utm_source=ig_web_copy_link&igsh=MzRlODBiNWFlZA== ,28,48,,"41,5","24,6","15,4",0,"15,4","1,5","1,5",0,"81,5","18,4",-,Autenticidade,-,Nos une a diversidade,Vídeo institucional
341,124,2023-10-12,https://www.instagram.com/reel/CyTcNqMOZ3f/?utm_source=ig_web_copy_link&igsh=MzRlODBiNWFlZA== ,372,441,,"27,8","15,3",16,"4,8","13,6","10,5","7,8","4,2","63,9","36,1",-,Humanização,-,Pesames por Jonathan Sanchez,Vídeo
342,125,2023-10-12,https://www.instagram.com/reel/CyTc5YArkrK/?utm_source=ig_web_copy_link&igsh=MzRlODBiNWFlZA== ,168,260,,"30,5","14,1","14,1","5,6","11,3","9,5",9,"5,9","64,3","35,7",-,Autenticidade,-,Mulheres,Vídeo institucional
343,126,2023-10-12,https://www.instagram.com/reel/CyTjEHKrtev/?utm_source=ig_web_copy_link&igsh=MzRlODBiNWFlZA== ,140,205,,"28,4","13,5","12,5","5,5","9,2","12,5","9,6","8,7","59,9",40,-,Autenticidade,-,Diversidade-Minorias,Vídeo institucional
344,127,2023-10-12,https://www.instagram.com/reel/CyTp-vArjdp/?utm_source=ig_web_copy_link&igsh=MzRlODBiNWFlZA== ,212,321,,"25,3","9,6","9,4","4,4","14,5","14,9","13,9",8,"48,7","51,3",-,Autenticidade,-,Diversidade-Minorias,Vídeo institucional
345,128,2023-10-12,https://www.instagram.com/reel/CyTtWbQrCo8/?utm_source=ig_web_copy_link&igsh=MzRlODBiNWFlZA== ,23,38,,"43,4","18,9",17,"9,4","3,8","1,9","3,8","1,9","88,7","11,4",-,Autenticidade,-,Diversidade-Minorias,Vídeo institucional
346,129,2023-10-12,https://www.instagram.com/reel/CyT2bo1vKnu/?utm_source=ig_web_copy_link&igsh=MzRlODBiNWFlZA== ,84,107,,"34,4","17,2","18,6","3,3","12,1","7,9","4,2","2,3","73,5","26,5",-,Autenticidade,-,Apoio dos eleitores,Vídeo
348,131,2023-10-12,https://www.instagram.com/p/CyT-tTTv7be/?utm_source=ig_web_copy_link&igsh=MzRlODBiNWFlZA== ,101,118,,"40,5","16,9","20,3","6,8","6,8","4,7","2,7","1,4","84,5","15,6",-,Autenticidade,-,Apoio dos eleitores,Fotos
349,132,2023-10-12,https://www.instagram.com/p/CyUC5avPuzz/?utm_source=ig_web_copy_link&igsh=MzRlODBiNWFlZA== ,53,79,,"35,7","22,5","16,3","8,5","10,9","5,4","0,8",0,83,"17,1",-,Autenticidade,-,Apoio dos eleitores,Fotos
350,133,2023-10-12,https://www.instagram.com/reel/CyUIxvirEgc/?utm_source=ig_web_copy_link&igsh=MzRlODBiNWFlZA== ,131,156,,"37,4","20,2","14,4","5,8","11,9","3,3","4,1","2,9","77,8","22,2",-,Autenticidade,-,Apoio dos eleitores,Vídeo
351,134,2023-10-12,https://www.instagram.com/reel/CyUNv0kLl0O/?utm_source=ig_web_copy_link&igsh=MzRlODBiNWFlZA== ,268,311,,"32,9","21,3","15,7","7,5","6,4","6,9","4,6","4,6","77,4","22,5",-,Humanização,-,Palpite sobre o jogo Equador e Bolivia,Vídeo
352,135,2023-10-12,https://www.instagram.com/p/CyUklKYLRwt/?utm_source=ig_web_copy_link&igsh=MzRlODBiNWFlZA== ,66,89,,48,"17,3","15,3","4,1","5,1","3,1","5,1",2,"84,7","15,3",-,Autenticidade,-,Um governo para todos,Imagem
353,136,2023-10-13,https://www.instagram.com/reel/CyU1ubGu3fh/?utm_source=ig_web_copy_link&igsh=MzRlODBiNWFlZA== ,155,176,,"28,1","15,8","16,2","5,8",13,8,"8,8","4,2","65,9",34,-,Autenticidade,-,Expressa confiança,Vídeo institucional
354,137,2023-10-13,https://www.instagram.com/reel/CyVzC12rFTW/?utm_source=ig_web_copy_link&igsh=MzRlODBiNWFlZA== ,64,82,,"31,4","20,6","15,4",4,"11,4","7,4","5,7",4,"71,4","28,5",HIST,Autenticidade,-,História como forma de autenticidade e humanização,Vídeo institucional
355,138,2023-10-13,https://www.instagram.com/reel/CyV-REsLWKP/?utm_source=ig_web_copy_link&igsh=MzRlODBiNWFlZA== ,254,272,,"38,2","21,5","18,5","5,1","8,8","3,7","2,9","1,3","83,3","16,7",-,Autenticidade,-,Apoio dos eleitores,Vídeo
356,139,2023-10-13,https://www.instagram.com/reel/CyWH_ZcrYQa/?utm_source=ig_web_copy_link&igsh=MzRlODBiNWFlZA== ,45,55,,"28,9","13,2","13,2","6,3","13,2","12,6","6,3","6,3","61,6","38,4",-,Autoridade,-,Educação deve ser pública,Vídeo institucional
357,140,2023-10-13,https://www.instagram.com/reel/CyWO_LVrLON/?utm_source=ig_web_copy_link&igsh=MzRlODBiNWFlZA== ,52,83,,"37,2","17,4","15,1",7,"8,1","5,8",7,"2,3","76,7","23,2",-,Autenticidade,-,Apoio dos eleitores,Vídeo 
358,141,2023-10-13,https://www.instagram.com/reel/CyWZTw9vXrA/?utm_source=ig_web_copy_link&igsh=MzRlODBiNWFlZA== ,50,60,,"42,6","22,1","17,6","7,4","4,4","4,4","1,5",0,"89,7","10,3",-,Autenticidade,-,Diversidade-Minorias,Vídeo
359,142,2023-10-13,https://www.instagram.com/reel/CyWgHJkvYkk/?utm_source=ig_web_copy_link&igsh=MzRlODBiNWFlZA== ,53,71,,"32,9","22,4","16,5","8,2","8,2","3,5","3,5","4,7",80,"19,9",-,Autenticidade,-,Apoio dos eleitores,Vídeo
360,143,2023-10-13,https://www.instagram.com/reel/CyWjsJ0P5mN/?utm_source=ig_web_copy_link&igsh=MzRlODBiNWFlZA== ,326,366,,"32,8","17,8","12,7","5,5","9,5","11,8","4,8","5,1","68,8","31,2",-,Humanização,-,Comprando um sacolé do ambulante,Vídeo
361,144,2023-10-13,https://www.instagram.com/reel/CyWm_JFvCmA/?utm_source=ig_web_copy_link&igsh=MzRlODBiNWFlZA== ,94,150,,"28,5","16,3","14,9","8,1",9,"10,9","6,3","5,9","67,8","32,1",-,Autoridade,-,Arte e musica,Vídeo institucional
362,145,2023-10-13,https://www.instagram.com/reel/CyWtq6Ar091/?utm_source=ig_web_copy_link&igsh=MzRlODBiNWFlZA== ,125,156,,"29,7",18,"17,7","7,6","12,3","5,7","5,1","3,8",73,"26,9",-,Autoridade,-,mais obras mais futuros,Vídeo institucional
363,146,2023-10-13,https://www.instagram.com/reel/CyW0bmcLRhr/?utm_source=ig_web_copy_link&igsh=MzRlODBiNWFlZA== ,213,311,,"26,3",17,14,"7,4","10,1","8,1","10,3","6,9","64,7","35,4",-,Autoridade,-,Segurança,Vídeo institucional
364,147,2023-10-13,https://www.instagram.com/reel/CyW7itQr3DJ/?utm_source=ig_web_copy_link&igsh=MzRlODBiNWFlZA== ,161,194,,"31,9",17,"15,4","4,3","12,7","5,6","11,6","1,5","68,6","31,4",-,Autenticidade,-,Vamos trabalhar,Vídeo
365,148,2023-10-13,https://www.instagram.com/p/CyXCbcDr2KX/?utm_source=ig_web_copy_link&igsh=MzRlODBiNWFlZA== ,29,41,,"23,6","11,1",16,"6,2","11,8","13,9","11,8","5,6","56,9","43,1",-,Autenticidade,-,Um país de paz,Imagem
366,149,2023-10-13,https://www.instagram.com/reel/CyXEp3-rVCA/?utm_source=ig_web_copy_link&igsh=MzRlODBiNWFlZA== ,522,831,,"27,6","12,9","12,2","4,9","14,8",10,"10,4","7,1","57,6","42,3",-,Autenticidade,-,Expressa confiança,Vídeo institucional
367,150,2023-10-14,https://www.instagram.com/reel/CyYYCTqrUin/?utm_source=ig_web_copy_link&igsh=MzRlODBiNWFlZA== ,47,67,,42,"17,3","14,8","3,7","8,6","7,4","3,7","2,5","77,8","22,2",-,Humanização,-,pratos tipicos no café da manhã,Vídeo
368,151,2023-10-14,https://www.instagram.com/reel/CyYiPNDrhS5/?utm_source=ig_web_copy_link&igsh=MzRlODBiNWFlZA== ,207,243,,36,"20,7","20,1","6,1","9,2","3,2","3,5","1,3","82,9","17,2",-,Autenticidade,-,Apoio político e promessas de esporte,Vídeo institucional
369,152,2023-10-14,https://www.instagram.com/reel/CyYwA92LF57/?utm_source=ig_web_copy_link&igsh=MzRlODBiNWFlZA== ,35,47,,35,"17,5","13,6","1,9","8,7","12,6","8,7","1,9",68,"31,9",-,Autenticidade,-,Apoio dos eleitores,Vídeo
370,153,2023-10-14,https://www.instagram.com/reel/CyY7pR4pPGx/?utm_source=ig_web_copy_link&igsh=MzRlODBiNWFlZA== ,656,873,,"32,4","20,4","15,5","5,3","10,3","7,1",5,4,"73,6","26,4",-,Humanização,-,Trend,Vídeo
371,154,2023-10-14,https://www.instagram.com/reel/CyY9WYbuA8u/?utm_source=ig_web_copy_link&igsh=MzRlODBiNWFlZA== ,87,107,,"49,2","16,9","12,3","6,2","7,7","3,1","4,6",0,"84,6","15,4",-,Autenticidade,-,Apoio dos eleitores,Vídeo
372,155,2023-10-14,https://www.instagram.com/reel/CyZEcPKvk2-/?utm_source=ig_web_copy_link&igsh=MzRlODBiNWFlZA== ,62,87,,"28,6","16,7","16,7","5,6","13,5","8,7","6,3",4,"67,6","32,5",HIST,Autenticidade,-,História para humanizar e dar confiança,Vídeo institucional
373,156,2023-10-14,https://www.instagram.com/reel/CyZJrouO8RF/?utm_source=ig_web_copy_link&igsh=MzRlODBiNWFlZA== ,75,77,,43,"11,6","10,5","2,3","15,1","10,5","3,5","3,5","67,4","32,6",-,Autenticidade,@leoorlandoa @revolucionciudadana5oficial @rc_5manabi ,Equipe preparada,Vídeo
374,157,2023-10-14,https://www.instagram.com/p/CyZLtgDvVP6/?utm_source=ig_web_copy_link&igsh=MzRlODBiNWFlZA== ,140,182,,"42,9","15,5","17,2",6,"8,2","5,2","2,1",3,"81,6","18,5",-,Autenticidade,-,Equador vencerá (confiança),Imagem
375,158,2023-10-14,https://www.instagram.com/reel/CyZZdPwLsuT/?utm_source=ig_web_copy_link&igsh=MzRlODBiNWFlZA== ,59,71,,"34,5","15,9","16,8","6,2","12,4","7,1","3,5","3,5","73,4","26,5",-,Autoridade,-,Construir um país de paz,Vídeo institucional
376,159,2023-10-14,https://www.instagram.com/p/CyZawbyOdaX/?utm_source=ig_web_copy_link&igsh=MzRlODBiNWFlZA== ,103,104,,"34,9","15,4","14,8","8,3","11,2","4,7","6,5","4,1","73,4","26,5",-,Autenticidade,@leoorlandoa,Apoio político equipe com experiência,Fotos
377,160,2023-10-14,https://www.instagram.com/reel/CyZp0btOGJU/?utm_source=ig_web_copy_link&igsh=MzRlODBiNWFlZA== ,215,254,,"27,5","17,7","14,2","5,1","10,1","11,1","7,9","6,3","64,5","35,4",-,Humanização,-,"Luisa jogando futebol, ganhar a partida",Vídeo
378,161,2023-10-14,https://www.instagram.com/reel/CyZvQcxrH9d/?utm_source=ig_web_copy_link&igsh=MzRlODBiNWFlZA== ,491,539,,36,"22,7","18,7","8,7","5,7","4,2","2,6","1,5","86,1",14,-,Autenticidade,-,Live da campanha,Vídeo
379,162,2023-10-15,https://www.instagram.com/reel/CyawrvDOwbk/?utm_source=ig_web_copy_link&igsh=MzRlODBiNWFlZA== ,322,379,,"31,8","19,4",16,"6,6","10,5","7,3","5,2","3,2","73,8","26,2",HIST,Humanização,-,História para humanizar,Vídeo
380,163,2023-10-15,https://www.instagram.com/p/Cyay5_NpROI/?utm_source=ig_web_copy_link&igsh=MzRlODBiNWFlZA== ,84,118,,"31,5","17,5","18,9","4,9","10,5","5,6","8,4","2,8","72,8","27,3",-,Autenticidade,-,Apoio dos eleitores,Imagem
381,164,2023-10-15,https://www.instagram.com/reel/Cya-_EvrTJF/?utm_source=ig_web_copy_link&igsh=MzRlODBiNWFlZA== ,517,602,,"34,3","19,5","17,4","5,9","8,7",6,"5,3","2,9","77,1","22,9",-,Autenticidade,-,Luisa votando (votar com memória),Vídeo
382,165,2023-10-15,https://www.instagram.com/p/CybTLMFRkSm/?utm_source=ig_web_copy_link&igsh=MzRlODBiNWFlZA== ,121,150,,"32,4","20,4","18,1","5,5","9,7","3,6","6,5","3,9","76,4","23,7",-,Autenticidade,-,Apoio dos eleitores e equipe,Foto
383,166,2023-10-15,https://www.instagram.com/p/CybW8a-R_US/?utm_source=ig_web_copy_link&igsh=MzRlODBiNWFlZA== ,93,111,,"28,1",14,"18,9","5,3","13,2","8,8","7,5","4,4","66,3","33,9",-,Autenticidade,-,Dia da mulher rural,Imagem
384,167,2023-10-15,https://www.instagram.com/reel/Cybbk9YRU7g/?utm_source=ig_web_copy_link&igsh=MzRlODBiNWFlZA== ,88,119,,"32,8","15,5","12,9","7,8","7,8","7,8","9,5",6,69,"31,1",-,Autenticidade,-,Luisa votando,Vídeo
385,168,2023-10-15,https://www.instagram.com/reel/CybpMw7xzhv/?utm_source=ig_web_copy_link&igsh=MzRlODBiNWFlZA== ,507,642,,"18,9","10,8","12,1","5,6","15,8","15,5","12,5","8,9","47,4","52,7",-,Autenticidade,-,Vice votando,Vídeo